Datetime,Open,High,Low,Close,Adj Close,Volume,price,rsi,K,D,Pivot_high,gradient_high,Pivot_high_rsi,gradient_high_rsi,Pivot_low,gradient_low,Pivot_low_rsi,gradient_low_rsi,atr
2024-04-10 12:00:00,6.400100231170654,6.400100231170654,6.400100231170654,6.400100231170654,6.400100231170654,363,6.400000095367432,47.922477919492515,54.68834822936067,54.02622371318862,6.630000114440918,0.0,60.13658148096934,0.0,6.400000095367432,0.0,47.91703100765073,0.0,
2024-04-10 12:30:00,6.400000095367432,6.400000095367432,6.400000095367432,6.400000095367432,6.400000095367432,235,6.420000076293945,47.91703100765073,52.44506916942447,53.93163978760882,6.690000057220459,0.904976496891065,61.81450467740901,2.7901871957431807,6.400000095367432,0.0,47.91703100765073,0.0,
2024-04-10 14:15:00,6.420000076293945,6.599999904632568,6.420000076293945,6.5,6.5,640,6.5,53.59008290282746,57.583535658020715,54.90565101893529,6.690000057220459,0.904976496891065,61.81450467740901,2.7901871957431807,6.400000095367432,0.0,47.91703100765073,0.0,
2024-04-10 15:45:00,6.5,6.5,6.5,6.5,6.5,418,6.630000114440918,53.59008290282746,63.48263616601031,57.83708033115183,6.690000057220459,0.904976496891065,61.81450467740901,2.7901871957431807,6.400000095367432,0.0,47.91703100765073,0.0,0.06669998168945312
2024-04-11 09:45:00,6.630000114440918,6.630000114440918,6.630000114440918,6.630000114440918,6.630000114440918,371,6.525000095367432,60.13658148096934,81.48297491055855,67.5163822448632,6.690000057220459,0.904976496891065,61.81450467740901,2.7901871957431807,6.400000095367432,0.0,47.91703100765073,0.0,0.0878000259399414
2024-04-11 10:00:00,6.525000095367432,6.619900226593018,6.525000095367432,6.619900226593018,6.619900226593018,1420,6.616000175476074,59.435127819822334,88.60216050285432,77.85592385980773,6.690000057220459,0.904976496891065,61.81450467740901,2.7901871957431807,6.400000095367432,0.0,47.91703100765073,0.0,0.09353335698445638
2024-04-11 10:15:00,6.616000175476074,6.690000057220459,6.616000175476074,6.670000076293945,6.670000076293945,11241,6.570000171661377,61.81450467740901,98.43327341415741,89.50613627585676,6.690000057220459,0.904976496891065,61.81450467740901,2.7901871957431807,6.400000095367432,0.0,47.91703100765073,0.0,0.08702219857109916
2024-04-11 10:30:00,6.570000171661377,6.570000171661377,6.46999979019165,6.46999979019165,6.46999979019165,814,6.570000171661377,49.36593703228375,73.43900799662686,86.82481397121286,6.690000057220459,0.904976496891065,61.81450467740901,2.7901871957431807,6.420000076293945,0.31249969732016775,48.379821245655954,0.965815761688854,0.12468156108149775
2024-04-11 10:45:00,6.570000171661377,6.570000171661377,6.570000171661377,6.570000171661377,6.570000171661377,1014,6.570000171661377,54.31947812417286,59.957201424007536,77.27649427826394,6.690000057220459,0.904976496891065,61.81450467740901,2.7901871957431807,6.449999809265137,0.4672855547458072,48.379821245655954,0.965815761688854,0.11645450121090735
2024-04-11 11:00:00,6.570000171661377,6.570000171661377,6.570000171661377,6.570000171661377,6.570000171661377,831,6.514999866485596,54.319478124172846,41.993442256148214,58.4632172255942,6.690000057220459,0.904976496891065,61.81450467740901,2.7901871957431807,6.449999809265137,0.4672855547458072,48.379821245655954,0.965815761688854,0.0776363341406049
2024-04-11 12:15:00,6.514999866485596,6.514999866485596,6.514999866485596,6.514999866485596,6.514999866485596,2008,6.590000152587891,51.12888016705773,41.376859746896685,47.77583447568414,6.690000057220459,0.904976496891065,61.81450467740901,2.7901871957431807,6.420000076293945,-0.4651121528422083,46.0105624654305,-4.8972044939876405,0.07009099115233035
2024-04-11 15:45:00,6.590000152587891,6.650000095367432,6.570000171661377,6.610000133514404,6.610000133514404,4946,6.650000095367432,55.9425895913679,42.351837900510986,41.90737996785196,6.690000057220459,0.904976496891065,61.81450467740901,2.7901871957431807,6.420000076293945,-0.4651121528422083,46.0105624654305,-4.8972044939876405,0.09172740372883222
2024-04-12 09:30:00,6.650000095367432,6.650000095367432,6.449999809265137,6.46999979019165,6.46999979019165,2395,6.605000019073486,48.379821245655954,28.092274204091467,37.273657283833046,6.650000095367432,-0.5979067490418888,55.9425895913679,-9.499251214071586,6.360000133514404,-0.9345785368615915,43.52983210477576,-5.391654063169982,0.12781836451998643
2024-04-12 09:45:00,6.605000019073486,6.605000019073486,6.605000019073486,6.605000019073486,6.605000019073486,137,6.519999980926514,54.73452618014556,36.72167004468157,35.72192738309467,6.650000095367432,-0.5979067490418888,55.9425895913679,-9.499251214071586,6.343100070953369,-0.26572424852602217,42.80475886207583,-1.6656927161002726,0.1302123193072696
2024-04-12 10:00:00,6.519999980926514,6.525000095367432,6.460000038146973,6.525000095367432,6.525000095367432,6580,6.449999809265137,50.7476600002595,24.251204795374125,29.688383014715722,6.650000095367432,-0.5979067490418888,55.9425895913679,-9.499251214071586,6.210000038146973,-2.0983435751848627,37.506042616800805,-12.37880176442153,0.13514153984701763
2024-04-12 10:15:00,6.449999809265137,6.449999809265137,6.420000076293945,6.420000076293945,6.420000076293945,2666,6.4430999755859375,46.0105624654305,23.141194326319635,28.038023055458442,6.650000095367432,-0.5979067490418888,55.9425895913679,-9.499251214071586,6.119999885559082,-1.449277810548068,34.4047235624036,-8.268851731661949,0.12509436625584053
2024-04-12 11:15:00,6.4430999755859375,6.4430999755859375,6.4430999755859375,6.4430999755859375,6.4430999755859375,227,6.440000057220459,47.17874422074542,9.25321678886895,18.88187197018757,6.650000095367432,-0.5979067490418888,55.9425895913679,-9.499251214071586,6.090000152587891,-0.49019172438188424,33.41293597220745,-2.882707627042084,0.09109621060122441
2024-04-12 12:45:00,6.440000057220459,6.440000057220459,6.360000133514404,6.360000133514404,6.360000133514404,2560,6.343100070953369,43.52983210477576,2.463903709690665,11.61943827495975,6.650000095367432,-0.5979067490418888,54.73452618014556,-2.159469949544038,5.849999904632568,-3.9408906722824355,30.566167628937198,-8.519958693956635,0.08843075442466068
2024-04-12 14:00:00,6.343100070953369,6.343100070953369,6.343100070953369,6.343100070953369,6.343100070953369,400,6.269999980926514,42.80475886207583,2.463903709690665,4.727008069416761,6.605000019073486,-0.6766928668962512,54.73452618014556,-2.159469949544038,5.849999904632568,-3.9408906722824355,28.674765258637592,-6.1878950389220595,0.06458719047011884
2024-04-12 15:00:00,6.269999980926514,6.269999980926514,6.210000038146973,6.210000038146973,6.210000038146973,1318,6.210000038146973,37.506042616800805,0.0,1.64260247312711,6.525000095367432,-1.2112024750194723,50.7476600002595,-7.284006016173857,5.849999904632568,-3.9408906722824355,28.519083541007966,-0.5429223787027547,0.0874248045822114
2024-04-12 15:15:00,6.210000038146973,6.210000038146973,6.119999885559082,6.119999885559082,6.119999885559082,4333,6.144999980926514,34.4047235624036,0.0,0.821301236563555,6.449999809265137,-1.1494296552661054,47.17874422074542,-7.032670628548841,5.849999904632568,-3.9408906722824355,28.519083541007966,-0.5429223787027547,0.08828325391743781
2024-04-12 15:45:00,6.144999980926514,6.179999828338623,6.090000152587891,6.090000152587891,6.090000152587891,588,6.103000164031982,33.41293597220745,0.0,0.0,6.4430999755859375,-0.10697416873234501,47.17874422074542,-7.032670628548841,5.849999904632568,-3.9408906722824355,28.519083541007966,-0.5429223787027547,0.08885539452853601
2024-04-15 11:00:00,6.103000164031982,6.119999885559082,5.849999904632568,6.0,6.0,24097,5.935299873352051,30.566167628937198,0.0,0.0,6.440000057220459,-0.04811221891984701,44.92385360733327,-4.7794629777802164,5.849999904632568,-3.9408906722824355,28.519083541007966,-0.5429223787027547,0.1492369233278619
2024-04-15 11:15:00,5.935299873352051,5.935299873352051,5.935299873352051,5.935299873352051,5.935299873352051,663,5.929999828338623,28.674765258637592,0.0,0.0,6.343100070953369,-1.504658158480086,44.92385360733327,-4.7794629777802164,5.601500034332275,-4.2478611000234014,28.519083541007966,-0.5429223787027547,0.12105799110122434
2024-04-15 11:45:00,5.929999828338623,5.929999828338623,5.929999828338623,5.929999828338623,5.929999828338623,605,6.199999809265137,28.519083541007966,0.0,0.0,6.269999980926514,-1.1524347591739714,44.92385360733327,-4.7794629777802164,5.601500034332275,-4.2478611000234014,28.519083541007966,-0.5429223787027547,0.0824720090719588
2024-04-15 12:15:00,6.199999809265137,6.199999809265137,6.199999809265137,6.199999809265137,6.199999809265137,200,6.059999942779541,44.92385360733327,20.85891420582549,6.95297140194183,6.210000038146973,-0.9569368893470852,44.92385360733327,-4.7794629777802164,5.601500034332275,-4.2478611000234014,28.519083541007966,-0.5429223787027547,0.14498133302347707
2024-04-15 12:30:00,6.059999942779541,6.059999942779541,6.059999942779541,6.059999942779541,6.059999942779541,685,6.079999923706055,39.820711914091206,35.22910626991166,18.696006825245718,6.199999809265137,-0.16103428052183952,44.92385360733327,-4.7794629777802164,5.601500034332275,-4.2478611000234014,28.519083541007966,-0.5429223787027547,0.14332084417751662
2024-04-15 13:15:00,6.079999923706055,6.079999923706055,5.900000095367432,5.900000095367432,5.900000095367432,2541,5.860000133514404,34.93628144552786,44.852151506724475,33.646723994153874,6.199999809265137,-0.16103428052183952,44.92385360733327,-4.7794629777802164,5.599999904632568,-0.026780856743953474,28.519083541007966,-0.5429223787027547,0.15554717223121875
2024-04-15 13:30:00,5.860000133514404,5.860000133514404,5.601500034332275,5.795000076293945,5.795000076293945,5414,5.675000190734863,32.14931861151208,30.478233880438776,36.853163885691636,6.199999809265137,-0.16103428052183952,44.92385360733327,-4.7794629777802164,5.599999904632568,-0.026780856743953474,28.519083541007966,-0.5429223787027547,0.20319813516586457
2024-04-15 13:45:00,5.675000190734863,5.739999771118164,5.659999847412109,5.739999771118164,5.739999771118164,690,5.739999771118164,30.76489090086696,20.11991784204711,31.816767743070116,6.199999809265137,-0.16103428052183952,44.92385360733327,-4.7794629777802164,5.599999904632568,-0.026780856743953474,27.554082085789688,-3.3837042969164486,0.18046549973785506
2024-04-15 14:15:00,5.739999771118164,5.739999771118164,5.739999771118164,5.739999771118164,5.739999771118164,808,5.71999979019165,30.764890900866952,15.060194433334853,21.88611538527358,6.199999809265137,-0.16103428052183952,44.92385360733327,-4.7794629777802164,5.210000038146973,-6.9642834487009635,18.951024495845548,-31.22244306001014,0.12031033315857004
2024-04-15 14:30:00,5.71999979019165,5.71999979019165,5.71999979019165,5.71999979019165,5.71999979019165,67,5.659999847412109,30.216144842846838,12.023506475774258,15.734539583718737,6.079999923706055,-1.9354820846890506,39.820711914091206,-11.359536823904707,4.991600036621094,-4.19193857824916,16.776233441049452,-11.475849526092134,0.08687354908121792
2024-04-15 14:45:00,5.659999847412109,5.659999847412109,5.599999904632568,5.659999847412109,5.659999847412109,888,5.599999904632568,28.56977001776339,8.114621788474006,11.732774232527703,6.079999923706055,-1.9354820846890506,34.93628144552786,-12.266055109966304,4.978499889373779,-0.2624438486898919,15.898210094139554,-5.233733483712022,0.09791566124050595
2024-04-15 15:15:00,5.599999904632568,5.659999847412109,5.599999904632568,5.659999847412109,5.659999847412109,1051,5.610000133514404,28.56977001776339,3.6542912987677014,7.930806521005319,6.0,-1.3157882353605501,32.14931861151208,-7.977273821660652,4.978499889373779,-0.2624438486898919,15.898210094139554,-5.233733483712022,0.08527708842018429
2024-04-15 15:45:00,5.610000133514404,5.6768999099731445,5.610000133514404,5.625,5.625,2900,5.619999885559082,27.554082085789688,0.2059826767885082,3.991631921343403,6.0,-1.3157882353605501,30.76489090086696,-4.306242777255572,4.978499889373779,-0.2624438486898919,15.898210094139554,-5.233733483712022,0.0791513177663696
2024-04-16 09:30:00,5.619999885559082,6.0,5.210000038146973,5.210000038146973,5.210000038146973,13089,5.204999923706055,18.951024495845548,0.1029913383942578,1.3210884379834866,6.0,-1.3157882353605501,30.764890900866952,-2.30958964895948e-14,4.978499889373779,-0.2624438486898919,15.898210094139554,-5.233733483712022,0.31610086579525554
2024-04-16 09:45:00,5.204999923706055,5.204999923706055,4.991600036621094,5.050000190734863,5.050000190734863,9060,4.98330020904541,16.776233441049452,0.0,0.10299133839425297,6.0,-1.3157882353605501,30.216144842846838,-1.783676268472159,4.978499889373779,-0.2624438486898919,15.898210094139554,-5.233733483712022,0.28353391103879666
2024-04-16 10:00:00,4.98330020904541,4.990300178527832,4.978499889373779,4.978499889373779,4.978499889373779,3769,4.989999771118164,15.898210094139554,0.0,0.0343304461314169,6.0,-1.3157882353605501,30.64396257558616,1.4158580949501887,4.978499889373779,-0.2624438486898919,15.898210094139554,-5.233733483712022,0.21285604114622578
2024-04-16 10:15:00,4.989999771118164,4.989999771118164,4.989999771118164,4.989999771118164,4.989999771118164,3584,5.170000076293945,16.653768009097668,0.8676901106598824,0.28923003688662513,6.0,-1.3157882353605501,31.82517794747844,3.8546430442169664,4.978499889373779,-0.2624438486898919,15.898210094139554,-5.233733483712022,0.1457373213456121
2024-04-16 10:45:00,5.170000076293945,5.170000076293945,5.170000076293945,5.170000076293945,5.170000076293945,1174,5.090000152587891,27.61535686391402,17.19422493264664,6.0206383477688385,6.0,-1.3157882353605501,45.55565284906653,43.143434812046294,4.978499889373779,-0.2624438486898919,15.898210094139554,-5.233733483712022,0.15715831595566848
2024-04-16 11:00:00,5.090000152587891,5.090000152587891,5.090000152587891,5.090000152587891,5.090000152587891,519,5.113399982452393,25.979946288821388,34.84611135293547,17.63600879874733,6.0,-1.3157882353605501,48.7793865406204,7.0764734779120255,4.978499889373779,-0.2624438486898919,15.898210094139554,-5.233733483712022,0.13143885187246387
2024-04-16 12:15:00,5.113399982452393,5.113399982452393,5.113399982452393,5.113399982452393,5.113399982452393,111,5.179999828338623,27.335467862072942,57.43786249763549,36.492732927739205,5.739999771118164,-4.333337148030599,55.690756251961346,14.168627778017651,4.978499889373779,-0.2624438486898919,15.898210094139554,-5.233733483712022,0.09542584453647657
2024-04-16 12:30:00,5.179999828338623,5.179999828338623,5.170000076293945,5.170000076293945,5.170000076293945,400,5.170000076293945,30.64396257558616,74.17352152408759,55.48583179155285,5.739999771118164,-4.333337148030599,55.690756251961346,14.168627778017651,4.978499889373779,-0.2624438486898919,15.898210094139554,-5.233733483712022,0.08581717831972786
2024-04-16 12:45:00,5.170000076293945,5.199999809265137,5.170000076293945,5.190000057220459,5.190000057220459,4366,5.349999904632568,31.82517794747844,89.85496843713209,73.82211748628505,5.739999771118164,-4.333337148030599,55.690756251961346,14.168627778017651,4.989999771118164,0.23099090087217575,16.653768009097668,4.752471570599197,0.06721136320354905
2024-04-16 13:15:00,5.349999904632568,5.465000152587891,5.309999942779541,5.465000152587891,5.465000152587891,2786,5.5447998046875,45.55565284906653,99.72886051510554,87.91911682544173,5.739999771118164,-4.333337148030599,55.690756251961346,14.168627778017651,5.090000152587891,2.004015752636365,25.979946288821388,56.000409484682315,0.13647427392484324
2024-04-16 13:45:00,5.5447998046875,5.5447998046875,5.5447998046875,5.5447998046875,5.5447998046875,2903,5.739999771118164,48.7793865406204,100.0,96.52794298407922,5.739999771118164,-4.333337148030599,55.690756251961346,14.168627778017651,5.090000152587891,2.004015752636365,25.979946288821388,56.000409484682315,0.11758273331643194
2024-04-16 14:15:00,5.739999771118164,5.739999771118164,5.739999771118164,5.739999771118164,5.739999771118164,994,5.730000019073486,55.690756251961346,100.0,99.90962017170186,5.739999771118164,-4.333337148030599,55.690756251961346,14.168627778017651,5.113399982452393,0.4597215945583982,27.335467862072942,5.217568805501364,0.14345514435450932
2024-04-16 15:45:00,5.730000019073486,5.739999771118164,5.5,5.690000057220459,5.690000057220459,6072,5.670000076293945,53.69225928917203,98.32590342015057,99.44196780671685,5.739999771118164,-4.333337148030599,55.690756251961346,14.168627778017651,5.170000076293945,1.1068974466262518,30.64396257558616,12.103303774447713,0.17563668660906093
2024-04-17 09:30:00,5.670000076293945,5.670000076293945,5.670000076293945,5.670000076293945,5.670000076293945,273,5.679999828338623,52.87489318121567,95.96711738052592,98.09767360022549,5.739999771118164,-4.333337148030599,55.690756251961346,14.168627778017651,5.170000076293945,1.1068974466262518,31.82517794747844,3.8546430442169664,0.12375778471487851
2024-04-17 09:45:00,5.679999828338623,5.680099964141846,5.454599857330322,5.454599857330322,5.454599857330322,2081,5.449999809265137,44.940028376582205,86.96147108625051,93.75149729564232,5.764999866485596,0.43554174850710087,56.950611685685026,2.2622343787606742,5.28000020980835,2.1276621255537123,42.395798610738375,33.214647474099856,0.15767189208042684
2024-04-17 10:00:00,5.449999809265137,5.449999809265137,5.449999809265137,5.449999809265137,5.449999809265137,173,5.28000020980835,44.785457398458604,79.50044069177409,87.47634305285017,5.764999866485596,0.43554174850710087,56.950611685685026,2.2622343787606742,5.28000020980835,2.1276621255537123,42.395798610738375,33.214647474099856,0.1066479440753464
2024-04-17 10:30:00,5.28000020980835,5.389999866485596,5.28000020980835,5.380000114440918,5.380000114440918,2643,5.5503997802734375,42.395798610738375,70.50678191802491,78.98956456534984,5.764999866485596,0.43554174850710087,56.950611685685026,2.2622343787606742,5.28000020980835,2.1276621255537123,42.395798610738375,33.214647474099856,0.12776516253582662
2024-04-17 12:30:00,5.5503997802734375,5.5503997802734375,5.5503997802734375,5.5503997802734375,5.5503997802734375,104,5.639999866485596,49.46468686381259,72.52723842686198,74.178153678887,5.764999866485596,0.43554174850710087,56.950611685685026,2.2622343787606742,5.28000020980835,2.1276621255537123,42.395798610738375,33.214647474099856,0.14197666363472425
2024-04-17 13:00:00,5.639999866485596,5.679999828338623,5.639999866485596,5.639999866485596,5.639999866485596,1909,5.764999866485596,52.748206555931745,78.36104207848676,73.79835414112455,5.764999866485596,0.43554174850710087,56.950611685685026,2.2622343787606742,5.28000020980835,2.1276621255537123,42.395798610738375,33.214647474099856,0.13785112511154468
2024-04-17 14:45:00,5.764999866485596,5.764999866485596,5.764999866485596,5.764999866485596,5.764999866485596,200,5.715000152587891,56.950611685685026,89.71348689186058,80.20058913240312,5.764999866485596,0.43554174850710087,56.950611685685026,2.2622343787606742,5.28000020980835,2.1276621255537123,42.395798610738375,33.214647474099856,0.1335674167410298
2024-04-17 15:00:00,5.715000152587891,5.715000152587891,5.715000152587891,5.715000152587891,5.715000152587891,2866,5.681000232696533,54.8492887023661,94.03607608720421,87.37020168585052,5.764999866485596,0.43554174850710087,56.950611685685026,2.2622343787606742,5.28000020980835,2.1276621255537123,42.395798610738375,33.214647474099856,0.10571151579325488
2024-04-17 15:45:00,5.681000232696533,5.75,5.679999828338623,5.75,5.75,1300,5.730000019073486,56.07116548792693,96.17065842688194,93.30674046864891,5.960000038146973,3.382483541673542,62.05513412548929,8.963068681292715,5.28000020980835,2.1276621255537123,42.395798610738375,33.214647474099856,0.09380773441596224
2024-04-18 09:45:00,5.730000019073486,5.730000019073486,5.730000019073486,5.730000019073486,5.730000019073486,578,5.750100135803223,55.152669072510776,92.05302255409272,94.08658568939296,5.989999771118164,0.5033512211271503,62.646648813471536,0.9532082982627561,5.5503997802734375,5.121203782582855,49.46468686381259,16.673558429640583,0.06920514991947939
2024-04-18 10:15:00,5.750100135803223,5.750100135803223,5.750100135803223,5.750100135803223,5.750100135803223,5000,5.760000228881836,55.93392960924805,92.38722480795369,93.53696859630945,6.014999866485596,0.41736387850921114,63.71272470793337,1.7017285276280945,5.632699966430664,1.4827794287850755,50.03046606547217,1.143804272363632,0.05283680552289837
2024-04-18 10:30:00,5.760000228881836,5.761000156402588,5.75,5.75,5.75,2737,5.732999801635742,55.92870240440614,91.21359614597414,91.88461450267351,6.014999866485596,0.41736387850921114,63.71272470793337,1.7017285276280945,5.632699966430664,1.4827794287850755,50.03046606547217,1.143804272363632,0.03889125581612821
2024-04-18 10:45:00,5.732999801635742,5.749899864196777,5.632699966430664,5.632699966430664,5.632699966430664,2649,5.880000114440918,50.03046606547217,79.4827618607495,87.69452760489246,6.014999866485596,0.41736387850921114,63.71272470793337,1.7017285276280945,5.632699966430664,1.4827794287850755,50.03046606547217,1.143804272363632,0.06502751506719745
2024-04-18 11:00:00,5.880000114440918,5.960000038146973,5.880000114440918,5.960000038146973,5.960000038146973,3863,5.989999771118164,62.05513412548929,81.81116019698325,84.16917273456896,6.139999866485596,2.078138034490667,64.57697674817234,1.3564826244691413,5.632699966430664,1.4827794287850755,50.03046606547217,1.143804272363632,0.15245170061690116
2024-04-18 11:30:00,5.989999771118164,5.989999771118164,5.952000141143799,5.980000019073486,5.980000019073486,5253,6.014999866485596,62.646648813471536,84.15152984198615,81.81515063323963,6.190000057220459,0.8143353716957378,66.81300229381745,3.462573905193525,5.632699966430664,1.4827794287850755,50.03046606547217,1.143804272363632,0.11430101040272252
2024-04-18 12:15:00,6.014999866485596,6.014999866485596,6.014999866485596,6.014999866485596,6.014999866485596,1059,5.9832000732421875,63.71272470793337,100.0,88.6542300129898,6.190000057220459,0.8143353716957378,66.81300229381745,3.462573905193525,5.632699966430664,1.4827794287850755,50.03046606547217,1.143804272363632,0.08786728940585146
2024-04-18 14:15:00,5.9832000732421875,5.9832000732421875,5.902900218963623,5.902900218963623,5.902900218963623,569,6.0,58.002801085968215,91.07137743354642,91.74096909184419,6.190000057220459,0.8143353716957378,66.81300229381745,3.462573905193525,5.632699966430664,1.4827794287850755,50.03046606547217,1.143804272363632,0.09594474211122521
2024-04-18 15:45:00,6.0,6.0,6.0,6.0,6.0,454,6.0,61.24287116918482,85.29314662083213,92.12150801812618,6.190000057220459,0.8143353716957378,66.81300229381745,3.462573905193525,5.632699966430664,1.4827794287850755,50.03046606547217,1.143804272363632,0.0963297550862758
2024-04-19 09:30:00,6.0,6.139999866485596,5.989999771118164,6.110000133514404,6.110000133514404,3047,6.190000057220459,64.57697674817234,85.29314662083213,87.21922355840356,6.190000057220459,0.8143353716957378,66.81300229381745,3.462573905193525,5.880000114440918,4.390437081401362,58.002801085968215,15.93496052997604,0.11421986851332773
2024-04-19 09:45:00,6.190000057220459,6.190000057220459,6.190000057220459,6.190000057220459,6.190000057220459,442,6.119999885559082,66.81300229381745,94.2217691872857,88.26935414298332,6.190000057220459,0.8143353716957378,66.81300229381745,3.462573905193525,5.902900218963623,0.38945755233003876,58.002801085968215,15.93496052997604,0.10281322024423671
2024-04-19 10:00:00,6.119999885559082,6.119999885559082,6.099999904632568,6.099999904632568,6.099999904632568,1072,6.114299774169922,62.06636746769869,90.57227353971723,90.02906311594502,6.190000057220459,0.8143353716957378,66.81300229381745,3.462573905193525,5.902900218963623,0.38945755233003876,58.002801085968215,15.93496052997604,0.09854219769212136
2024-04-19 10:15:00,6.114299774169922,6.114299774169922,6.114299774169922,6.114299774169922,6.114299774169922,101,6.110000133514404,62.52195856990531,82.04943832274392,88.94782701658228,6.190000057220459,0.8143353716957378,66.81300229381745,3.462573905193525,5.902900218963623,0.38945755233003876,58.002801085968215,15.93496052997604,0.07046142164053208
2024-04-19 10:30:00,6.110000133514404,6.113500118255615,6.099999904632568,6.099999904632568,6.099999904632568,3186,6.110000133514404,61.72362043314214,71.94095056414268,81.52088747553461,6.190000057220459,0.8143353716957378,66.81300229381745,3.462573905193525,5.989999771118164,1.4755382765022098,56.77067955276585,-2.124244881512173,0.05174090427280589
2024-04-19 10:45:00,6.110000133514404,6.179999828338623,6.10099983215332,6.179999828338623,6.179999828338623,558,6.119999885559082,64.45788041627013,76.69095361499708,76.89378083396123,6.190000057220459,0.8143353716957378,66.81300229381745,3.462573905193525,5.989999771118164,1.4755382765022098,56.77067955276585,-2.124244881512173,0.06116057741722216
2024-04-19 11:00:00,6.119999885559082,6.119999885559082,6.119999885559082,6.119999885559082,6.119999885559082,211,6.179999828338623,60.94171289972263,73.55228285891737,74.06139567935237,6.190000057220459,0.8143353716957378,66.81300229381745,3.462573905193525,5.660099983215332,-5.5075091904594355,38.98184850093715,-31.33453957565325,0.06077369920466178
2024-04-19 11:15:00,6.179999828338623,6.179999828338623,6.150000095367432,6.150000095367432,6.150000095367432,4563,6.150000095367432,62.05624350990725,74.212936036799,74.81872417023781,6.179999828338623,-0.16155458464287015,64.45788041627013,-3.5249454397969036,5.660099983215332,-5.5075091904594355,38.98184850093715,-31.33453957565325,0.06051578039628819
2024-04-19 11:30:00,6.150000095367432,6.150000095367432,6.150000095367432,6.150000095367432,6.150000095367432,894,6.141900062561035,62.05624350990726,60.89349656769113,69.55290515446916,6.230000019073486,0.8090645974711118,64.45788041627013,-3.5249454397969036,5.660099983215332,-5.5075091904594355,38.98184850093715,-31.33453957565325,0.04034385359752546
2024-04-19 12:00:00,6.141900062561035,6.141900062561035,6.0655999183654785,6.0655999183654785,6.0655999183654785,1909,6.099999904632568,56.77067955276585,39.22166920741081,58.10936727063365,6.299900054931641,1.1219909413186437,64.45788041627013,-3.5249454397969036,5.660099983215332,-5.5075091904594355,38.98184850093715,-31.33453957565325,0.05502929473233468
2024-04-19 12:45:00,6.099999904632568,6.099999904632568,6.099999904632568,6.099999904632568,6.099999904632568,498,5.660099983215332,58.32859397914135,20.507332766370578,40.207499513824175,6.300000190734863,0.0015894824100307543,64.45788041627013,-3.5249454397969036,5.660099983215332,-5.5075091904594355,38.98184850093715,-31.33453957565325,0.048152858577253065
2024-04-19 15:15:00,5.660099983215332,5.660099983215332,5.660099983215332,5.660099983215332,5.660099983215332,2003,5.840000152587891,38.98184850093715,5.171162311573506,21.633388095118296,6.300000190734863,0.0015894824100307543,62.05624350990726,-3.725901147932656,5.660099983215332,-5.5075091904594355,38.98184850093715,-31.33453957565325,0.17873521285724747
2024-04-19 15:45:00,5.840000152587891,6.079999923706055,5.840000152587891,6.079999923706055,6.079999923706055,705,6.230000019073486,54.496654528966594,23.753223435701734,16.477239504548606,6.489999771118164,3.015866263984006,63.29862862755354,2.002030814913785,5.660099983215332,-5.5075091904594355,38.98184850093715,-31.33453957565325,0.2591234554017392
2024-04-22 10:00:00,6.230000019073486,6.230000019073486,6.079999923706055,6.230000019073486,6.230000019073486,1291,6.230000019073486,58.55109365923361,42.02011823084033,23.648167992705194,6.5,0.15408673704949907,63.5209030128023,0.351151976066674,5.660099983215332,-5.5075091904594355,38.98184850093715,-31.33453957565325,0.22274900205697
2024-04-22 10:45:00,6.230000019073486,6.299900054931641,6.230000019073486,6.299900054931641,6.299900054931641,1734,6.290200233459473,60.325173026645565,67.582987673894,44.45210978014535,6.5,0.15408673704949907,63.5209030128023,0.351151976066674,5.660099983215332,-5.5075091904594355,38.98184850093715,-31.33453957565325,0.17179934665736477
2024-04-22 11:45:00,6.290200233459473,6.300000190734863,6.289999961853027,6.300000190734863,6.300000190734863,769,6.160099983215332,60.327792675039326,76.93037313056674,62.17782634510036,6.5,0.15408673704949907,63.5209030128023,0.351151976066674,5.660099983215332,-5.5075091904594355,38.98184850093715,-31.33453957565325,0.11786630739885516
2024-04-22 12:30:00,6.160099983215332,6.160099983215332,6.160099983215332,6.160099983215332,6.160099983215332,500,6.199999809265137,54.876174302874524,74.28875959188565,72.93404013211546,6.5,0.15408673704949907,63.5209030128023,0.351151976066674,5.660099983215332,-5.5075091904594355,38.98184850093715,-31.33453957565325,0.12521094077241388
2024-04-22 12:45:00,6.199999809265137,6.489999771118164,6.199999809265137,6.489999771118164,6.489999771118164,4257,6.5,63.29862862755354,80.54243600054434,77.25385624099891,6.5,0.15408673704949907,63.5209030128023,0.351151976066674,5.840000152587891,3.178392076218462,52.86036956966065,35.602521692602274,0.1934405564825533
2024-04-22 13:00:00,6.5,6.5,6.489999771118164,6.5,6.5,469,6.31279993057251,63.5209030128023,84.72036337999255,79.85051965747418,6.590000152587891,1.3846177321213942,63.5209030128023,0.351151976066674,6.079999923706055,4.1095850145108725,52.86036956966065,35.602521692602274,0.1322937806156475
2024-04-22 13:15:00,6.31279993057251,6.31279993057251,6.31279993057251,6.31279993057251,6.31279993057251,2400,6.46999979019165,56.60934434074048,87.86873783158012,84.37717907070567,6.590000152587891,1.3846177321213942,63.5209030128023,0.351151976066674,6.160099983215332,1.3174352058289578,52.86036956966065,35.602521692602274,0.15059587688626175
2024-04-22 13:30:00,6.46999979019165,6.46999979019165,6.46999979019165,6.46999979019165,6.46999979019165,0,6.449999809265137,60.496449568905156,85.27717163772324,85.95542428309864,6.650000095367432,0.9104695203380088,63.5209030128023,0.351151976066674,6.160099983215332,1.3174352058289578,52.86036956966065,35.602521692602274,0.15279720446388803
2024-04-22 14:00:00,6.449999809265137,6.449999809265137,6.449999809265137,6.449999809265137,6.449999809265137,350,6.270100116729736,59.76290935523183,81.39835180296224,84.8480870907552,6.650000095367432,0.9104695203380088,63.5209030128023,0.351151976066674,6.160099983215332,1.3174352058289578,52.86036956966065,35.602521692602274,0.10853146328476325
2024-04-22 14:45:00,6.270100116729736,6.289999961853027,6.25,6.25,6.25,4478,6.489999771118164,52.86036956966065,76.3058236600284,80.99378236690463,6.650000095367432,0.9104695203380088,63.5209030128023,0.351151976066674,6.199999809265137,0.6477139357887262,52.86036956966065,35.602521692602274,0.13902091194488775
2024-04-23 09:30:00,6.489999771118164,6.590000152587891,6.489999771118164,6.590000152587891,6.590000152587891,3059,6.489999771118164,61.08831555919888,77.10980191980956,78.27132579426673,6.650000095367432,0.9104695203380088,63.5209030128023,0.351151976066674,6.25,0.8064547140815093,52.86036956966065,35.602521692602274,0.20601399215922203
2024-04-23 09:45:00,6.489999771118164,6.5,6.489999771118164,6.5,6.5,1501,6.605000019073486,58.19281634023904,74.97702073185518,76.13088210389772,6.650000095367432,0.9104695203380088,61.4706711911434,-3.227649048448956,6.25,0.8064547140815093,52.86036956966065,35.602521692602274,0.1706761219293902
2024-04-23 10:00:00,6.605000019073486,6.650000095367432,6.605000019073486,6.650000095367432,6.650000095367432,4705,6.610000133514404,61.4706711911434,83.04740368202324,78.37807544456267,6.650000095367432,0.9104695203380088,61.4706711911434,-3.227649048448956,6.25,0.8064547140815093,52.86036956966065,35.602521692602274,0.163784113075404
2024-04-23 10:15:00,6.610000133514404,6.639999866485596,6.54010009765625,6.54010009765625,6.54010009765625,965,6.550000190734863,57.889466188530726,68.7434143934361,75.58927960243817,6.650000095367432,0.9104695203380088,61.4706711911434,-3.227649048448956,6.25,0.8064547140815093,52.86036956966065,35.602521692602274,0.1458227412873299
2024-04-23 10:30:00,6.550000190734863,6.550000190734863,6.550000190734863,6.550000190734863,6.550000190734863,1260,6.53000020980835,58.126129323176215,59.11260787182855,70.3011419824293,6.650000095367432,0.9104695203380088,61.4706711911434,-3.227649048448956,6.25,0.8064547140815093,52.86036956966065,35.602521692602274,0.10051519188442436
2024-04-23 10:45:00,6.53000020980835,6.539999961853027,6.420000076293945,6.420000076293945,6.420000076293945,2189,6.53000020980835,53.846679548242506,35.273926991665164,54.37664975230994,6.650000095367432,0.9104695203380088,61.4706711911434,-3.227649048448956,6.420000076293945,2.720001220703125,53.16046403197443,0.5677116235789994,0.11034349940325557
2024-04-23 11:30:00,6.53000020980835,6.53000020980835,6.53000020980835,6.53000020980835,6.53000020980835,119,6.485000133514404,56.74838308250627,31.70599075873504,42.03084187407625,6.650000095367432,0.9104695203380088,61.4706711911434,-3.227649048448956,6.400100231170654,-0.30996643125865103,51.74039502137996,-2.6712878385341754,0.1102290441069718
2024-04-23 11:45:00,6.485000133514404,6.539999961853027,6.485000133514404,6.539999961853027,6.539999961853027,1578,6.449999809265137,57.012969917374,28.225366292366356,31.735094680922188,6.650000095367432,0.9104695203380088,61.4706711911434,-3.227649048448956,6.400100231170654,-0.30996643125865103,51.74039502137996,-2.6712878385341754,0.09181930551752222
2024-04-23 12:30:00,6.449999809265137,6.449999809265137,6.429999828338623,6.429999828338623,6.429999828338623,2159,6.420000076293945,53.16046403197443,26.07970907321613,28.67035537477251,6.639999866485596,-0.15037937952515767,58.126129323176215,-5.44087416512391,6.400100231170654,-0.30996643125865103,51.74039502137996,-2.6712878385341754,0.0978795815164829
2024-04-23 12:45:00,6.420000076293945,6.460000038146973,6.420000076293945,6.460000038146973,6.460000038146973,1616,6.460000038146973,54.07197763535325,18.613213350320926,24.30609623863447,6.550000190734863,-1.355416830729053,58.126129323176215,-5.44087416512391,6.400100231170654,-0.30996643125865103,51.74039502137996,-2.6712878385341754,0.07858637496199772
2024-04-23 13:00:00,6.460000038146973,6.460000038146973,6.460000038146973,6.460000038146973,6.460000038146973,200,6.400100231170654,54.07197763535325,10.319408073987606,18.337443499174885,6.550000190734863,-1.355416830729053,57.012969917374,-1.915075747798628,6.400100231170654,-0.30996643125865103,51.74039502137996,-2.6712878385341754,0.05239091664133181
2024-04-23 13:45:00,6.400100231170654,6.400100231170654,6.400100231170654,6.400100231170654,6.400100231170654,661,6.420100212097168,51.74039502137996,9.381073346448424,12.771231590252318,6.8368000984191895,4.378624417294089,66.28333619589884,16.260100626155612,6.400100231170654,-0.30996643125865103,51.74039502137996,-2.6712878385341754,0.05489388008632732
2024-04-23 14:30:00,6.420100212097168,6.420100212097168,6.420100212097168,6.420100212097168,6.420100212097168,290,6.510000228881836,52.477228177114945,7.214730721024125,8.971737380486719,6.889999866485596,0.7781384171040359,66.28333619589884,16.260100626155612,6.400100231170654,-0.30996643125865103,51.74039502137996,-2.6712878385341754,0.043262580366389435
2024-04-23 15:45:00,6.510000228881836,6.510000228881836,6.510000228881836,6.510000228881836,6.510000228881836,1002,6.550000190734863,55.74788027655152,16.25277065841626,10.949524908629604,6.889999866485596,0.7781384171040359,66.28333619589884,16.260100626155612,6.400100231170654,-0.30996643125865103,51.74039502137996,-2.6712878385341754,0.05880839250581562
2024-04-24 09:30:00,6.550000190734863,6.550000190734863,6.510000228881836,6.510000228881836,6.510000228881836,2544,6.510000228881836,55.747880276551534,29.981347269032653,17.816282882824346,6.889999866485596,0.7781384171040359,66.28333619589884,16.260100626155612,6.400100231170654,-0.30996643125865103,51.74039502137996,-2.6712878385341754,0.05253891562155286
2024-04-24 09:45:00,6.510000228881836,6.510000228881836,6.510000228881836,6.510000228881836,6.510000228881836,796,6.510000228881836,55.747880276551534,41.18572983184914,29.13994925309935,6.889999866485596,0.7781384171040359,66.28333619589884,16.260100626155612,6.400100231170654,-0.30996643125865103,51.74039502137996,-2.6712878385341754,0.03502594374770191
2024-04-24 10:00:00,6.510000228881836,6.8368000984191895,6.510000228881836,6.8368000984191895,6.8368000984191895,3129,6.840000152587891,66.28333619589884,60.79048655456612,43.98585455181597,6.889999866485596,0.7781384171040359,66.28333619589884,16.260100626155612,6.400100231170654,-0.30996643125865103,51.74039502137996,-2.6712878385341754,0.1322839190109191
2024-04-24 10:15:00,6.840000152587891,6.889999866485596,6.659999847412109,6.670000076293945,6.670000076293945,10708,6.670000076293945,58.61303562124518,62.81443326412236,54.9302165501792,6.889999866485596,0.7781384171040359,66.28333619589884,16.260100626155612,6.420100212097168,0.3124948079579597,52.477228177114945,1.4240965022213563,0.16485595236510817
2024-04-24 10:30:00,6.670000076293945,6.670000076293945,6.599999904632568,6.650000095367432,6.650000095367432,2320,6.650000095367432,57.75009896550173,62.86047503366222,62.15513161745023,6.889999866485596,0.7781384171040359,66.28333619589884,16.260100626155612,6.510000228881836,1.4002899302922491,55.74788027655152,6.232516870742212,0.13323735879719775
2024-04-24 10:45:00,6.650000095367432,6.800000190734863,6.650000095367432,6.700099945068359,6.700099945068359,4708,6.807000160217285,59.36403674092641,47.00100669105043,57.558638329611675,6.889999866485596,0.7781384171040359,66.28333619589884,16.260100626155612,6.510000228881836,1.4002899302922491,55.747880276551534,2.549129158760019e-14,0.13882493765394238
2024-04-24 11:15:00,6.807000160217285,6.807000160217285,6.800000190734863,6.800000190734863,6.800000190734863,1537,6.800000190734863,62.444719101968694,55.78346555945117,55.21498242805461,6.889999866485596,0.7781384171040359,66.28333619589884,16.260100626155612,6.510000228881836,1.4002899302922491,55.747880276551534,2.549129158760019e-14,0.12818336348560352
2024-04-24 11:30:00,6.800000190734863,6.800000190734863,6.800000190734863,6.800000190734863,6.800000190734863,797,6.800000190734863,62.444719101968694,66.5438293678683,56.4427672061233,6.889999866485596,0.7781384171040359,66.28333619589884,16.260100626155612,6.510000228881836,1.4002899302922491,56.70725820039453,1.7209226953271677,0.08545557565706902
2024-04-24 11:45:00,6.800000190734863,6.820000171661377,6.800000190734863,6.809999942779541,6.809999942779541,460,6.800000190734863,62.77235686112572,74.35591285978059,65.56106926236669,6.889999866485596,0.7781384171040359,62.77235686112572,-5.296926099791509,6.599999904632568,1.3824834498691079,56.70725820039453,1.7209226953271677,0.06363704408021724
2024-04-24 12:00:00,6.800000190734863,6.800000190734863,6.800000190734863,6.800000190734863,6.800000190734863,1039,6.840000152587891,62.18808522895593,73.76769192626355,71.55581138463748,6.869999885559082,-0.29027549077029413,62.77235686112572,-5.296926099791509,6.599999904632568,1.3824834498691079,56.70725820039453,1.7209226953271677,0.04575794673503741
2024-04-24 12:45:00,6.840000152587891,6.869999885559082,6.77869987487793,6.77869987487793,6.77869987487793,1978,6.723700046539307,60.88803591510447,70.19967642379711,72.77442706994708,6.869999885559082,-0.29027549077029413,62.77235686112572,-5.296926099791509,6.650000095367432,0.7575786584446453,56.70725820039453,1.7209226953271677,0.060938634717075724
2024-04-24 13:00:00,6.723700046539307,6.723700046539307,6.723700046539307,6.723700046539307,6.723700046539307,118,6.700099945068359,57.54296848038174,57.14440221078028,67.03725685361366,6.869999885559082,-0.29027549077029413,62.77235686112572,-5.296926099791509,6.650000095367432,0.7575786584446453,51.11646017100951,-9.859051921762854,0.05895903259092483
2024-04-24 13:15:00,6.700099945068359,6.789999961853027,6.700099945068359,6.710000038146973,6.710000038146973,1596,6.722400188446045,56.70725820039453,36.23303537746638,54.52570467068126,6.869999885559082,-0.29027549077029413,62.77235686112572,-5.296926099791509,6.535200119018555,-1.726315409060666,45.43833052257325,-11.108221558065914,0.06927269398883922
2024-04-24 14:15:00,6.722400188446045,6.722400188446045,6.722400188446045,6.722400188446045,6.722400188446045,1140,6.75,57.31157465118098,20.213471653319804,37.86363641385549,6.869999885559082,-0.29027549077029413,62.77235686112572,-5.296926099791509,6.535200119018555,-1.726315409060666,45.43833052257325,-11.108221558065914,0.05031517942558356
2024-04-24 15:30:00,6.75,6.75,6.75,6.75,6.75,402,6.800000190734863,58.69364469244239,17.302958556418822,24.583155195735003,6.869999885559082,-0.29027549077029413,62.484988278368334,-0.4577947955549083,6.535200119018555,-1.726315409060666,45.43833052257325,-11.108221558065914,0.04274339013504073
2024-04-24 15:45:00,6.800000190734863,6.829999923706055,6.800000190734863,6.829999923706055,6.829999923706055,1842,6.71999979019165,62.484988278368334,34.3792427038717,23.965224304536775,6.869999885559082,-0.29027549077029413,62.484988278368334,-0.4577947955549083,6.535200119018555,-1.726315409060666,45.43833052257325,-11.108221558065914,0.05516223465871204
2024-04-25 09:30:00,6.71999979019165,6.75,6.650000095367432,6.650000095367432,6.650000095367432,4116,6.640100002288818,51.11646017100951,29.431839741911336,27.03801366740062,6.829999923706055,-0.5822410847066868,62.484988278368334,-0.4577947955549083,6.535200119018555,-1.726315409060666,45.43833052257325,-11.108221558065914,0.09677476588534904
2024-04-25 09:45:00,6.640100002288818,6.640100002288818,6.535200119018555,6.535200119018555,6.535200119018555,2021,6.539999961853027,45.43833052257325,20.11167856919532,27.97425367165945,6.829999923706055,-0.5822410847066868,62.484988278368334,-0.4577947955549083,6.535200119018555,-1.726315409060666,45.43833052257325,-11.108221558065914,0.1027831693731917
2024-04-25 10:00:00,6.539999961853027,6.539999961853027,6.539999961853027,6.539999961853027,6.539999961853027,572,6.639699935913086,45.709871455147905,0.5221732240607094,16.68856384505579,6.829999923706055,-0.5822410847066868,62.484988278368334,-0.4577947955549083,6.535200119018555,-1.726315409060666,45.43833052257325,-11.108221558065914,0.07012206052695201
2024-04-25 10:15:00,6.639699935913086,6.747000217437744,6.637800216674805,6.747000217437744,6.747000217437744,3479,6.5625,55.90257576417085,20.64491723675085,13.75958967666896,6.829999923706055,-0.5822410847066868,62.484988278368334,-0.4577947955549083,6.535200119018555,-1.726315409060666,45.43833052257325,-11.108221558065914,0.11574812554620695
2024-04-25 11:30:00,6.5625,6.5625,6.5625,6.5625,6.5625,179,6.659999847412109,47.366628674997614,24.353034659986495,15.173375040266018,6.940000057220459,1.6105437004853824,62.484988278368334,-0.4577947955549083,6.535200119018555,-1.726315409060666,45.43833052257325,-11.108221558065914,0.13866548951005267
2024-04-25 13:15:00,6.659999847412109,6.659999847412109,6.659999847412109,6.659999847412109,6.659999847412109,108,6.659999847412109,51.57470766846757,35.631114929726884,26.87635560882141,7.199999809265137,3.7463940907921303,64.61382345225154,3.4069545862748996,6.535200119018555,-1.726315409060666,45.43833052257325,-11.108221558065914,0.12494360881073824
2024-04-25 13:45:00,6.659999847412109,6.659999847412109,6.659999847412109,6.659999847412109,6.659999847412109,939,6.68779993057251,51.57470766846757,27.507550333518406,29.163899974410594,7.199999809265137,3.7463940907921303,67.90759994217983,5.097634397633709,6.535200119018555,-1.726315409060666,45.43833052257325,-11.108221558065914,0.08329573920715883
2024-04-25 15:45:00,6.68779993057251,6.739999771118164,6.68779993057251,6.739999771118164,6.739999771118164,555,6.650000095367432,54.99848002620635,42.493516799704985,35.21072735431676,7.199999809265137,3.7463940907921303,67.90759994217983,5.097634397633709,6.539999961853027,0.0734459962519631,45.709871455147905,0.5976032337714379,0.08219713404012412
2024-04-26 09:30:00,6.650000095367432,6.789999961853027,6.650000095367432,6.789999961853027,6.789999961853027,2781,6.800000190734863,57.04273932068037,53.384727647180505,41.12859826013463,7.199999809265137,3.7463940907921303,67.90759994217983,5.097634397633709,6.5625,0.344037282541475,47.366628674997614,3.6245064077140885,0.10146471152194798
2024-04-26 09:45:00,6.800000190734863,6.940000057220459,6.755000114440918,6.889999866485596,6.889999866485596,13194,7.130000114440918,60.871149771188385,71.56315346315502,55.81379930334683,7.199999809265137,3.7463940907921303,67.90759994217983,5.097634397633709,6.5625,0.344037282541475,47.366628674997614,3.6245064077140885,0.1293097886078123
2024-04-26 10:00:00,7.130000114440918,7.199999809265137,7.000199794769287,7.000199794769287,7.000199794769287,15290,6.909999847412109,64.61382345225154,86.2024029070661,70.38342800580054,7.199999809265137,3.7463940907921303,67.90759994217983,5.097634397633709,6.650000095367432,1.3333347865513392,51.57470766846757,8.88405848417745,0.18953983999838853
2024-04-26 10:15:00,6.909999847412109,7.110000133514404,6.909999847412109,7.110000133514404,7.110000133514404,833,6.922800064086914,67.90759994217983,96.84427189912283,84.86994275644798,7.199999809265137,3.7463940907921303,67.90759994217983,5.097634397633709,6.650000095367432,1.3333347865513392,51.57470766846757,8.88405848417745,0.19302665536635732
2024-04-26 10:30:00,6.922800064086914,6.922800064086914,6.922800064086914,6.922800064086914,6.922800064086914,202,7.105000019073486,57.995965481072965,85.29601433850208,89.44756304823034,7.199999809265137,3.7463940907921303,67.90759994217983,5.097634397633709,6.650000095367432,1.3333347865513392,54.99848002620635,6.638471670547259,0.19108446005340163
2024-04-26 10:45:00,7.105000019073486,7.105000019073486,7.065000057220459,7.065000057220459,7.065000057220459,1483,7.079999923706055,62.476303342419335,77.23864422062726,86.45964348608406,7.199999809265137,3.7463940907921303,67.90759994217983,5.097634397633709,6.650000095367432,1.3333347865513392,55.74339313984279,1.3544249100729517,0.1881229583644585
2024-04-26 11:00:00,7.079999923706055,7.132299900054932,7.079999923706055,7.079999923706055,7.079999923706055,2003,6.930099964141846,62.92553172856095,69.84770785537759,77.46078880483564,7.199999809265137,3.7463940907921303,67.90759994217983,5.097634397633709,6.755000114440918,1.5789476325967597,55.74339313984279,1.3544249100729517,0.1478485865211299
2024-04-26 11:45:00,6.930099964141846,6.930099964141846,6.930099964141846,6.930099964141846,6.930099964141846,2071,6.96999979019165,55.74339313984279,66.28524970868216,71.12386726156234,7.199999809265137,3.7463940907921303,67.90759994217983,5.097634397633709,6.909999847412109,2.2945926031863593,55.74339313984279,1.3544249100729517,0.1485323775354896
2024-04-26 12:30:00,6.96999979019165,6.96999979019165,6.949999809265137,6.949999809265137,6.949999809265137,1660,6.989999771118164,56.453965585572064,55.75597137060504,63.96297631155493,7.132299900054932,-0.9402765417172257,67.90759994217983,5.097634397633709,6.909999847412109,2.2945926031863593,55.74339313984279,1.3544249100729517,0.11232152704026128
2024-04-26 12:45:00,6.989999771118164,6.989999771118164,6.989999771118164,6.989999771118164,6.989999771118164,207,6.993299961090088,57.9165994967792,46.9337820833156,56.32500105420093,7.132299900054932,-0.9402765417172257,62.92553172856095,-7.336539971757035,6.922800064086914,0.18524192413113505,55.74339313984279,1.3544249100729517,0.08821433864451662
2024-04-26 13:00:00,6.993299961090088,6.993299961090088,6.993299961090088,6.993299961090088,6.993299961090088,202,6.996200084686279,58.041817777967196,45.06543286388012,49.25172877260025,7.132299900054932,-0.9402765417172257,62.92553172856095,-7.336539971757035,6.930099964141846,0.10544721770604051,54.942337105802174,-1.4370421119342578,0.059909622420319025
2024-04-26 13:15:00,6.996200084686279,6.996200084686279,6.996200084686279,6.996200084686279,6.996200084686279,332,6.989999771118164,58.15963658225935,43.757741324684574,45.25231875729343,7.132299900054932,-0.9402765417172257,62.92553172856095,-7.336539971757035,6.880000114440918,-0.7229311259600509,51.4890246227669,-6.285339621402072,0.04090645614560982
2024-04-26 13:45:00,6.989999771118164,6.989999771118164,6.989999771118164,6.989999771118164,6.989999771118164,1573,7.090000152587891,57.786040157632634,33.83544269209489,40.88620562688652,7.090000152587891,-0.5930730347824442,58.15963658225935,-7.573865512746121,6.679999828338623,-2.9069808542953393,40.88561754115235,-20.593528736075612,0.02933774195311162
2024-04-29 09:30:00,7.090000152587891,7.090000152587891,6.980000019073486,6.980000019073486,6.980000019073486,2313,6.994999885559082,57.14844398942006,24.48713521129141,34.02677307602362,7.090000152587891,-0.5930730347824442,58.15963658225935,-7.573865512746121,6.600100040435791,-1.1961046400611037,40.88561754115235,-20.593528736075612,0.056225205806875844
2024-04-29 10:00:00,6.994999885559082,6.994999885559082,6.994999885559082,6.994999885559082,6.994999885559082,180,6.952199935913086,57.8988555404543,16.954712507308066,25.09243013689812,7.090000152587891,-0.5930730347824442,58.15963658225935,-7.573865512746121,6.600100040435791,-1.1961046400611037,40.88561754115235,-20.593528736075612,0.0424834260331158
2024-04-29 10:30:00,6.952199935913086,6.952199935913086,6.952199935913086,6.952199935913086,6.952199935913086,600,6.900000095367432,54.942337105802174,9.75680345910354,17.066217059234337,7.090000152587891,-0.5930730347824442,58.15963658225935,-7.573865512746121,6.600100040435791,-1.1961046400611037,40.88561754115235,-20.593528736075612,0.0425889339040759
2024-04-29 11:30:00,6.900000095367432,6.900000095367432,6.880000114440918,6.900000095367432,6.900000095367432,717,6.712500095367432,51.4890246227669,5.906570634202518,10.872695533538042,7.090000152587891,-0.5930730347824442,58.15963658225935,-7.573865512746121,6.600100040435791,-1.1961046400611037,40.88561754115235,-20.593528736075612,0.052459229760106585
2024-04-29 12:45:00,6.712500095367432,6.71999979019165,6.679999828338623,6.699999809265137,6.699999809265137,1965,6.600100040435791,40.88561754115235,0.0,5.221124697768686,7.090000152587891,-0.5930730347824442,57.8988555404543,-0.44838836198058424,5.940000057220459,-10.00136330011972,40.88561754115235,-20.593528736075612,0.10830624218300726
2024-04-29 13:00:00,6.600100040435791,6.840000152587891,6.600100040435791,6.840000152587891,6.840000152587891,2138,6.840000152587891,48.829512481589724,12.0144069420133,5.973659192071939,7.090000152587891,-0.5930730347824442,57.8988555404543,-0.44838836198058424,5.940000057220459,-10.00136330011972,40.88561754115235,-20.593528736075612,0.15217086550603806
2024-04-29 13:45:00,6.840000152587891,6.840000152587891,6.659800052642822,6.659800052642822,6.659800052642822,824,7.0,41.162105343988486,12.43256919147447,8.148992044495923,7.0,-1.269395636825763,57.8988555404543,-0.44838836198058424,5.940000057220459,-10.00136330011972,40.88561754115235,-20.593528736075612,0.1615139436523815
2024-04-29 15:45:00,7.0,7.0,7.0,7.0,7.0,128,6.820000171661377,55.40047509781903,40.44160310945588,21.62952641431455,7.0,-1.269395636825763,55.40047509781903,-4.315077421331121,5.940000057220459,-10.00136330011972,40.88561754115235,-20.593528736075612,0.22107594488731355
2024-04-30 09:30:00,6.820000171661377,6.849999904632568,6.820000171661377,6.829999923706055,6.829999923706055,3269,6.599999904632568,49.01710066924661,44.118358540143774,32.33084361369137,7.0,-1.269395636825763,55.40047509781903,-4.315077421331121,5.940000057220459,-10.00136330011972,40.88561754115235,-20.593528736075612,0.20738390603775003
2024-04-30 10:00:00,6.599999904632568,6.599999904632568,5.940000057220459,6.559999942779541,6.559999942779541,13608,6.690000057220459,40.94732182601309,43.819265830345806,42.79307582664848,7.0,-1.269395636825763,55.40047509781903,-4.315077421331121,5.940000057220459,-10.00136330011972,40.88561754115235,-20.593528736075612,0.43492255952036524
2024-04-30 10:15:00,6.690000057220459,7.0,6.690000057220459,7.0,7.0,9531,6.880300045013428,54.184611431897444,41.47303773093209,43.13688736714056,7.0,-1.269395636825763,55.40047509781903,-4.315077421331121,5.940000057220459,-10.00136330011972,40.94732182601309,0.15091929282621566,0.4366150587537298
2024-04-30 11:00:00,6.880300045013428,6.880300045013428,6.599999904632568,6.599999904632568,6.599999904632568,3097,6.510000228881836,44.43335414926576,32.62787261316591,39.30672539148127,7.0,-1.269395636825763,55.40047509781903,-4.315077421331121,5.940000057220459,-10.00136330011972,40.94732182601309,0.15091929282621566,0.42441007095829714
2024-04-30 11:30:00,6.510000228881836,6.530799865722656,6.510000228881836,6.530799865722656,6.530799865722656,933,6.889999866485596,42.991895550921505,36.63554643624094,36.912152260112975,7.0,-1.269395636825763,55.40047509781903,-4.315077421331121,5.940000057220459,-10.00136330011972,40.94732182601309,0.15091929282621566,0.31293993922244223
2024-04-30 12:15:00,6.889999866485596,6.889999866485596,6.889999866485596,6.889999866485596,6.889999866485596,0,6.800000190734863,51.74308870887218,32.245334676811815,33.83625124207289,7.0,-1.269395636825763,54.184611431897444,-2.1946809368958893,5.940000057220459,-10.00136330011972,40.94732182601309,0.15091929282621566,0.3283599597359413
2024-04-30 12:45:00,6.800000190734863,6.800000190734863,6.617000102996826,6.617000102996826,6.617000102996826,709,6.900000095367432,45.96754819817249,35.35615390644536,34.7456783398327,7.199999809265137,2.857140132359096,58.188925744353135,7.390132007292438,5.940000057220459,-10.00136330011972,40.94732182601309,0.15091929282621566,0.309906560986884
2024-04-30 13:15:00,6.900000095367432,6.900000095367432,6.900000095367432,6.900000095367432,6.900000095367432,165,6.900000095367432,51.9544519090105,56.6489604190559,41.41681633410436,7.199999809265137,2.857140132359096,58.188925744353135,7.390132007292438,6.510000228881836,9.595962393443152,42.991895550921505,4.993180588454352,0.3009377047814578
2024-04-30 15:00:00,6.900000095367432,6.949999809265137,6.900000095367432,6.949999809265137,6.949999809265137,402,6.900000095367432,52.94643867139903,63.07401130329271,51.69304187626466,7.199999809265137,2.857140132359096,58.188925744353135,7.390132007292438,6.510000228881836,9.595962393443152,42.991895550921505,4.993180588454352,0.2172917078202069
2024-04-30 15:30:00,6.900000095367432,7.0,6.900000095367432,7.0,7.0,5500,6.965000152587891,53.96992773523678,83.16527978500248,67.62941716911702,7.199999809265137,2.857140132359096,58.188925744353135,7.390132007292438,6.510000228881836,9.595962393443152,42.991895550921505,4.993180588454352,0.17819444009099406
2024-04-30 15:45:00,6.965000152587891,7.0,6.965000152587891,7.0,7.0,1492,6.980000019073486,53.96992773523679,87.77978929291453,78.0063601270699,7.199999809265137,2.857140132359096,58.188925744353135,7.390132007292438,6.617000102996826,1.6436232005074543,45.96754819817249,6.921426955288554,0.1304629091980325
2024-05-01 09:30:00,6.980000019073486,7.199999809265137,6.980000019073486,7.199999809265137,7.199999809265137,3429,7.150000095367432,58.188925744353135,93.41547768287249,88.1201822535965,7.199999809265137,2.857140132359096,58.188925744353135,7.390132007292438,6.617000102996826,1.6436232005074543,45.96754819817249,6.921426955288554,0.16030853619590513
2024-05-01 09:45:00,7.150000095367432,7.199999809265137,7.103099822998047,7.199999809265137,7.199999809265137,2077,6.985000133514404,58.18892574435313,96.70072604992747,92.63199767523815,7.199999809265137,2.857140132359096,58.188925744353135,7.390132007292438,6.699999809265137,1.2543404107054517,47.72424573502694,3.8216037307038566,0.13917235288630003
2024-05-01 10:15:00,6.985000133514404,7.019999980926514,6.800000190734863,6.800000190734863,6.800000190734863,22999,6.800000190734863,47.9868359542444,80.27621668604995,90.1308068062833,7.199999809265137,2.857140132359096,58.188925744353135,7.390132007292438,6.699999809265137,1.2543404107054517,47.72424573502694,3.8216037307038566,0.2261147747676245
2024-05-01 10:30:00,6.800000190734863,6.800000190734863,6.699999809265137,6.800000190734863,6.800000190734863,9032,7.139999866485596,47.986835954244405,60.55243337209991,79.17645870269244,7.199999809265137,2.857140132359096,58.188925744353135,7.390132007292438,6.699999809265137,1.2543404107054517,47.72424573502694,3.8216037307038566,0.1840766436683252
2024-05-01 11:00:00,7.139999866485596,7.199999809265137,7.079999923706055,7.150000095367432,7.150000095367432,0,7.130000114440918,55.8432385642636,55.407377287165275,65.41200911510504,7.199999809265137,2.857140132359096,58.188925744353135,7.390132007292438,6.699999809265137,1.2543404107054517,47.72424573502694,3.8216037307038566,0.256050968622308
2024-05-01 11:15:00,7.130000114440918,7.150000095367432,7.099999904632568,7.150000095367432,7.150000095367432,1477,6.810100078582764,55.84323856426359,69.98610451618065,61.981971725148604,7.329999923706055,1.8055571928436807,58.188925744353135,7.390132007292438,6.699999809265137,1.2543404107054517,47.72424573502694,3.8216037307038566,0.18736737599315975
2024-05-01 11:45:00,6.810100078582764,6.810100078582764,6.810100078582764,6.810100078582764,6.810100078582764,732,7.149899959564209,47.72424573502694,66.75654348997756,64.05000843110783,7.329999923706055,1.8055571928436807,58.18892574435313,-1.2210961564779425e-14,6.699999809265137,1.2543404107054517,47.72424573502694,3.8216037307038566,0.23821158959032918
2024-05-01 13:15:00,7.149899959564209,7.149899959564209,7.149899959564209,7.149899959564209,7.149899959564209,404,7.020599842071533,54.79935164245625,62.6566676538071,66.46643855332177,7.349999904632568,0.2728510386723396,56.925958037430846,-2.1704606001337727,6.699999809265137,1.2543404107054517,47.72424573502694,3.8216037307038566,0.2720743533873679
2024-05-01 14:00:00,7.020599842071533,7.020599842071533,7.020599842071533,7.020599842071533,7.020599842071533,144,7.150000095367432,51.919792731186355,50.70290655146006,60.0387058984149,7.349999904632568,0.2728510386723396,56.925958037430846,-2.1704606001337727,6.699999809265137,1.2543404107054517,47.72424573502694,3.8216037307038566,0.22448294142247052
2024-05-01 14:30:00,7.150000095367432,7.199999809265137,7.150000095367432,7.199999809265137,7.199999809265137,2901,7.25,55.42003716018565,64.83646031448505,59.39867817325072,7.579999923706055,3.1292520007860354,59.70408737346035,4.880250472381655,6.810100078582764,1.6432876485365582,47.72424573502694,3.8216037307038566,0.2094552833461815
2024-05-01 14:45:00,7.25,7.329999923706055,7.25,7.28000020980835,7.28000020980835,1738,7.190000057220459,56.925958037430846,70.0584384972477,61.86593512106427,7.650000095367432,0.9234851235612163,59.85140201672151,0.2467413032204654,6.810100078582764,1.6432876485365582,47.72424573502694,3.8216037307038566,0.18297022704442698
2024-05-01 15:00:00,7.190000057220459,7.190000057220459,7.039999961853027,7.039999961853027,7.039999961853027,738,7.329999923706055,51.32461274255286,65.29223609583443,66.72904496918905,7.650000095367432,0.9234851235612163,59.85140201672151,0.2467413032204654,6.810100078582764,1.6432876485365582,47.72424573502694,3.8216037307038566,0.20198023401472542
2024-05-01 15:30:00,7.329999923706055,7.349999904632568,7.329999923706055,7.329999923706055,7.329999923706055,500,7.069799900054932,56.84967303743213,69.84608095292315,68.39891851533508,7.78000020980835,1.699347880003837,62.367079763333386,4.203206043375624,6.889999866485596,1.1732542397447383,51.32461274255286,7.54410457844795,0.2379868036029973
2024-05-01 15:45:00,7.069799900054932,7.269999980926514,6.889999866485596,7.079999923706055,7.079999923706055,3808,7.380000114440918,51.43002489166041,52.33978631587605,62.492701121544535,7.809999942779541,0.3856006704648972,62.51857652336449,0.24291142154802062,6.889999866485596,1.1732542397447383,51.32461274255286,7.54410457844795,0.30532455480881787
2024-05-02 09:30:00,7.380000114440918,7.579999923706055,7.380000114440918,7.579999923706055,7.579999923706055,6129,7.590000152587891,59.70408737346035,74.20480590457107,65.46355772445675,7.847300052642822,0.47759423990477423,62.51857652336449,0.24291142154802062,6.889999866485596,1.1732542397447383,51.32461274255286,7.54410457844795,0.3702163698725453
2024-05-02 09:45:00,7.590000152587891,7.650000095367432,7.590000152587891,7.590000152587891,7.590000152587891,6968,7.53000020980835,59.85140201672151,78.47075162461046,68.33844794835251,7.847300052642822,0.47759423990477423,62.51857652336449,0.24291142154802062,6.889999866485596,1.1732542397447383,51.32461274255286,7.54410457844795,0.27014430380215587
2024-05-02 10:00:00,7.53000020980835,7.53000020980835,7.53000020980835,7.53000020980835,7.53000020980835,1357,7.671800136566162,58.47023766408505,96.20365972985422,82.95973908634524,7.847300052642822,0.47759423990477423,62.51857652336449,0.24291142154802062,6.889999866485596,1.1732542397447383,51.32461274255286,7.54410457844795,0.20009618346128424
2024-05-02 10:15:00,7.671800136566162,7.78000020980835,7.671800136566162,7.78000020980835,7.78000020980835,5374,7.75,62.367079763333386,96.20365972985422,90.29269036143963,8.168299674987793,4.090574085246863,66.9733093314396,7.125454634128276,6.889999866485596,1.1732542397447383,51.43002489166041,0.20538323325750912,0.2167307889741895
2024-05-02 10:30:00,7.75,7.809999942779541,7.71999979019165,7.789999961853027,7.789999961853027,7713,7.829999923706055,62.51857652336449,96.20365972985422,96.20365972985422,8.168299674987793,4.090574085246863,66.9733093314396,7.125454634128276,6.889999866485596,1.1732542397447383,51.43002489166041,0.20538323325750912,0.17448724351208988
2024-05-02 10:45:00,7.829999923706055,7.847300052642822,7.599999904632568,7.599999904632568,7.599999904632568,13509,7.599999904632568,57.76066063104014,89.27986681656232,93.8957287587569,8.168299674987793,4.090574085246863,66.9733093314396,7.125454634128276,7.380000114440918,7.111759904942614,57.76066063104014,12.309221612697037,0.19875821167814456
2024-05-02 11:15:00,7.599999904632568,7.599999904632568,7.599999904632568,7.599999904632568,7.599999904632568,251,7.75,57.76066063104015,75.11176698023142,86.86509784221597,8.168299674987793,4.090574085246863,66.9733093314396,7.125454634128276,7.53000020980835,2.0325215859267654,57.76066063104014,12.309221612697037,0.13250547445209637
2024-05-02 11:45:00,7.75,7.75,7.75,7.75,7.75,1178,7.849999904632568,60.512212183396244,69.13722457132025,77.84295278937132,8.168299674987793,4.090574085246863,66.9733093314396,7.125454634128276,7.53000020980835,2.0325215859267654,57.76066063104014,12.309221612697037,0.13833701475720814
2024-05-02 12:00:00,7.849999904632568,8.168299674987793,7.849999904632568,8.168299674987793,8.168299674987793,7118,7.974999904632568,66.9733093314396,79.85735775475794,74.70211643543654,8.168299674987793,4.090574085246863,66.9733093314396,7.125454634128276,7.599999904632568,0.929610795137021,57.76066063104014,12.309221612697037,0.23165790150073642
2024-05-02 12:15:00,7.974999904632568,7.980000019073486,7.770100116729736,7.980000019073486,7.980000019073486,1446,7.980000019073486,62.05131468819545,83.5411027327645,77.51189501961422,8.168299674987793,4.090574085246863,66.9733093314396,7.125454634128276,7.599999904632568,0.929610795137021,57.76066063104014,12.309221612697037,0.2871717870865098
2024-05-02 12:30:00,7.980000019073486,7.980000019073486,7.78000020980835,7.821199893951416,7.821199893951416,3115,7.849999904632568,58.16878012173814,70.76109230572428,78.05318426441556,8.168299674987793,4.090574085246863,66.9733093314396,7.125454634128276,7.599999904632568,0.929610795137021,57.76066063104014,12.309221612697037,0.25811446114605213
2024-05-02 12:45:00,7.849999904632568,7.849999904632568,7.849999904632568,7.849999904632568,7.849999904632568,575,7.840000152587891,58.67380900193317,52.9624081180033,69.08820105216402,8.168299674987793,4.090574085246863,66.9733093314396,7.125454634128276,7.599999904632568,0.929610795137021,57.76066063104015,2.4602998926859916e-14,0.18167631099108553
2024-05-02 13:00:00,7.840000152587891,7.840000152587891,7.840000152587891,7.840000152587891,7.840000152587891,623,7.909999847412109,58.41012421147731,45.08259386492471,56.26869809621743,8.168299674987793,4.090574085246863,66.9733093314396,7.125454634128276,7.75,1.9736854901274317,57.895599996541705,0.23361811313674002,0.12445079134228293
2024-05-02 14:00:00,7.909999847412109,7.909999847412109,7.900000095367432,7.909999847412109,7.909999847412109,2178,7.900000095367432,59.77298107541383,37.78481911596355,45.276607032963845,8.168299674987793,4.090574085246863,66.9733093314396,7.125454634128276,7.770100116729736,0.25935634489982357,57.895599996541705,0.23361811313674002,0.10630042583626154
2024-05-02 14:30:00,7.900000095367432,7.900000095367432,7.900000095367432,7.900000095367432,7.900000095367432,446,7.889999866485596,59.4731605168728,28.44636081449794,37.104591265128725,8.071200370788574,-1.1887333724611893,62.05131468819545,-7.349188344398554,7.770100116729736,0.25935634489982357,56.20308241750447,-2.9233958697005233,0.07420020123906694
2024-05-02 15:00:00,7.889999866485596,7.889999866485596,7.889999866485596,7.889999866485596,7.889999866485596,458,7.889999866485596,59.15360735488701,18.51717575290924,28.2494518944569,8.071200370788574,-1.1887333724611893,59.77298107541383,-3.671692734038144,7.78000020980835,0.12741268361906272,56.20308241750447,-2.9233958697005233,0.052800210453323275
2024-05-02 15:45:00,7.889999866485596,8.071200370788574,7.889999866485596,7.90500020980835,7.90500020980835,17332,7.869999885559082,59.505085663589256,17.54787285737693,21.50380314159469,8.071200370788574,-1.1887333724611893,59.77298107541383,-3.671692734038144,7.78000020980835,0.12741268361906272,54.41164698927191,-3.187432701510722,0.09560030840320836
2024-05-03 09:30:00,7.869999885559082,7.900000095367432,7.800000190734863,7.860000133514404,7.860000133514404,14453,7.815499782562256,57.895599996541705,11.839921497479402,15.968323369255183,8.071200370788574,-1.1887333724611893,59.77298107541383,-3.671692734038144,7.720099925994873,-0.7699265064023968,53.560717875800954,-1.5638731054009962,0.09873354529330103
2024-05-03 09:45:00,7.815499782562256,7.860000133514404,7.815499782562256,7.860000133514404,7.860000133514404,5962,7.840000152587891,57.895599996541705,7.288181821386915,12.225325392081073,8.071200370788574,-1.1887333724611893,59.77298107541383,-3.671692734038144,7.71999979019165,-0.0012970791075576909,51.81537789591443,-3.258619467972214,0.08065581384625016
2024-05-03 11:00:00,7.840000152587891,7.840000152587891,7.816800117492676,7.816800117492676,7.816800117492676,1168,7.840000152587891,56.20308241750447,0.9764789684984383,6.701527429121576,8.071200370788574,-1.1887333724611893,59.505085663589256,-0.4481881395317722,7.71999979019165,-0.0012970791075576909,51.81537789591443,-3.258619467972214,0.06817054790474295
2024-05-03 11:15:00,7.840000152587891,7.840000152587891,7.840000152587891,7.840000152587891,7.840000152587891,0,7.840000152587891,56.931263146090906,2.7419237517065698,3.668861513863965,8.071200370788574,-1.1887333724611893,59.505085663589256,-0.4481881395317722,7.71999979019165,-0.0012970791075576909,51.81537789591443,-3.258619467972214,0.05318037696823358
2024-05-03 11:30:00,7.840000152587891,7.840000152587891,7.78000020980835,7.78000020980835,7.78000020980835,4745,7.824999809265137,54.41164698927191,2.2536842674573583,1.9906956625541126,8.071200370788574,-1.1887333724611893,59.505085663589256,-0.4481881395317722,7.71999979019165,-0.0012970791075576909,51.81537789591443,-3.258619467972214,0.055453565572002726
2024-05-03 11:45:00,7.824999809265137,7.849999904632568,7.720099925994873,7.760000228881836,7.760000228881836,5091,7.720099925994873,53.560717875800954,2.2536842674573583,2.416430762207086,7.900000095367432,-2.1211253290248315,57.895599996541705,-2.704786740660696,7.71999979019165,-0.0012970791075576909,51.797357873268325,-0.034777364129821804,0.08026903659390026
2024-05-03 12:15:00,7.720099925994873,7.720099925994873,7.71999979019165,7.71999979019165,7.71999979019165,1257,7.800099849700928,51.81537789591443,0.0,1.502456178304896,7.860000133514404,-0.5063286249386676,57.895599996541705,-2.704786740660696,7.699999809265137,-0.2590671174877994,50.33022526238059,-2.8324468102742717,0.06684617062599536
2024-05-03 14:00:00,7.800099849700928,7.800099849700928,7.800000190734863,7.800000190734863,7.800000190734863,1684,7.760000228881836,54.97543726563904,13.237065225308223,5.163583164255184,7.989999771118164,1.6539393816222958,60.71559893663662,4.870834640738432,7.699999809265137,-0.2590671174877994,50.33022526238059,-2.8324468102742717,0.07126413358708936
2024-05-03 14:45:00,7.760000228881836,7.760000228881836,7.760000228881836,7.760000228881836,7.760000228881836,302,7.789999961853027,53.10028834928622,18.619382925701597,10.618816050336598,7.989999771118164,1.6539393816222958,60.71559893663662,4.870834640738432,7.699999809265137,-0.2590671174877994,50.33022526238059,-2.8324468102742717,0.06084274300906869
2024-05-03 15:15:00,7.789999961853027,7.800000190734863,7.789999961853027,7.800000190734863,7.800000190734863,1215,7.739999771118164,54.76199810184587,30.96238009651891,20.9396094158429,7.989999771118164,1.6539393816222958,60.71559893663662,4.870834640738432,7.699999809265137,-0.2590671174877994,49.556782129904946,-1.5367368781751765,0.053895149290388245
2024-05-03 15:30:00,7.739999771118164,7.739999771118164,7.739999771118164,7.739999771118164,7.739999771118164,696,7.699999809265137,51.797357873268325,17.7253148712107,22.435692631143727,7.989999771118164,1.6539393816222958,60.71559893663662,4.870834640738432,7.699999809265137,-0.2590671174877994,49.556782129904946,-1.5367368781751765,0.05593023939915857
2024-05-03 15:45:00,7.699999809265137,7.820000171661377,7.699999809265137,7.710000038146973,7.710000038146973,1232,7.989999771118164,50.33022526238059,12.342997170817327,20.343564046182305,7.989999771118164,1.6539393816222958,60.71559893663662,4.870834640738432,7.699999809265137,-0.2590671174877994,49.556782129904946,-1.5367368781751765,0.07728694706485245
2024-05-06 09:30:00,7.989999771118164,7.989999771118164,7.96999979019165,7.96999979019165,7.96999979019165,2774,7.849999904632568,60.71559893663662,33.33333333333335,21.133881791787115,7.989999771118164,1.6539393816222958,60.71559893663662,4.870834640738432,7.699999809265137,-0.2590671174877994,49.556782129904946,-1.5367368781751765,0.14485787570029876
2024-05-06 09:45:00,7.849999904632568,7.849999904632568,7.849999904632568,7.849999904632568,7.849999904632568,1240,7.730000019073486,54.99972029519653,48.320741520005875,31.332357341385507,7.989999771118164,1.6539393816222958,60.71559893663662,4.870834640738432,7.699999809265137,-0.2590671174877994,49.556782129904946,-1.5367368781751765,0.13657187898655984
2024-05-06 10:15:00,7.730000019073486,7.744999885559082,7.71999979019165,7.71999979019165,7.71999979019165,1329,7.730000019073486,49.556782129904946,48.320741520005875,43.324938791115024,7.989999771118164,1.6539393816222958,60.71559893663662,4.870834640738432,7.699999809265137,-0.2590671174877994,49.556782129904946,-1.5367368781751765,0.13438129080467923
2024-05-06 10:30:00,7.730000019073486,7.730000019073486,7.710000038146973,7.730000019073486,7.730000019073486,7025,7.730000019073486,49.96696793865444,16.212704786523666,37.61806260884513,7.989999771118164,1.6539393816222958,60.71559893663662,4.870834640738432,7.699999809265137,-0.2590671174877994,49.556782129904946,-1.5367368781751765,0.09625418751195737
2024-05-06 11:30:00,7.730000019073486,7.730000019073486,7.730000019073486,7.730000019073486,7.730000019073486,1292,7.730000019073486,49.96696793865445,2.4505931997022796,22.328013168743933,7.989999771118164,1.6539393816222958,60.71559893663662,4.870834640738432,7.699999809265137,-0.2590671174877994,48.291223045975244,-2.5537555699485233,0.06416945834130491
2024-05-06 13:45:00,7.730000019073486,7.730000019073486,7.730000019073486,7.730000019073486,7.730000019073486,1397,7.801499843597412,49.96696793865445,3.6758897995534223,7.446395928593113,7.989999771118164,1.6539393816222958,60.71559893663662,4.870834640738432,7.699999809265137,-0.2590671174877994,47.45148658580057,-1.7389007923348851,0.042779638894203276
2024-05-06 14:45:00,7.801499843597412,7.801499843597412,7.801499843597412,7.801499843597412,7.801499843597412,4614,7.95989990234375,53.35416021169854,13.794024280743045,6.640169093332905,7.95989990234375,-0.37671926954513196,59.84058582796319,-1.4411668895609522,7.570000171661377,-1.6883070236876605,42.30232747576337,-10.851417901790336,0.052353034104110775
2024-05-06 15:00:00,7.95989990234375,7.95989990234375,7.95989990234375,7.95989990234375,7.95989990234375,0,7.935800075531006,59.84058582796319,43.28824414388713,20.252719408061186,7.95989990234375,-0.37671926954513196,59.84058582796319,-1.4411668895609522,7.510000228881836,-0.7926016039491438,41.18065284190044,-2.6515671850575626,0.08770204231818647
2024-05-06 15:15:00,7.935800075531006,7.95989990234375,7.71999979019165,7.889900207519531,7.889900207519531,1681,7.71999979019165,56.12622692606713,61.687025705557865,39.58976471006267,7.95989990234375,-0.37671926954513196,59.84058582796319,-1.4411668895609522,7.510000228881836,-0.7926016039491438,40.43004306209658,-1.822724332918127,0.13843473226282418
2024-05-07 09:30:00,7.71999979019165,7.71999979019165,7.71999979019165,7.71999979019165,7.71999979019165,499,7.699999809265137,48.291223045975244,50.34359462451712,51.77295482465402,7.95989990234375,-0.37671926954513196,59.84058582796319,-1.4411668895609522,7.510000228881836,-0.7926016039491438,40.43004306209658,-1.822724332918127,0.1489232939511764
2024-05-07 10:15:00,7.699999809265137,7.699999809265137,7.699999809265137,7.699999809265137,7.699999809265137,283,7.619999885559082,47.45148658580057,19.624078161521886,43.884899497198944,7.95989990234375,-0.37671926954513196,59.84058582796319,-1.4411668895609522,7.510000228881836,-0.7926016039491438,40.43004306209658,-1.822724332918127,0.10594885627628882
2024-05-07 10:30:00,7.619999885559082,7.619999885559082,7.570000171661377,7.570000171661377,7.570000171661377,2415,7.510000228881836,42.30232747576337,0.0,23.322557595346325,7.95989990234375,-0.37671926954513196,59.84058582796319,-1.4411668895609522,7.510000228881836,-0.7926016039491438,40.43004306209658,-1.822724332918127,0.11396578338544579
2024-05-07 10:45:00,7.510000228881836,7.539700031280518,7.510000228881836,7.539700031280518,7.539700031280518,1226,7.519999980926514,41.18065284190044,0.0,6.541359387173951,7.95989990234375,-0.37671926954513196,59.84058582796319,-1.4411668895609522,7.510000228881836,-0.7926016039491438,40.43004306209658,-1.822724332918127,0.09597716985014419
2024-05-07 11:00:00,7.519999980926514,7.519999980926514,7.519999980926514,7.519999980926514,7.519999980926514,335,7.599999904632568,40.43004306209658,0.0,0.0,7.95989990234375,-0.37671926954513196,56.12622692606713,-6.207089804525869,7.300000190734863,-2.7962720605434597,34.64931282115096,-14.298105574775144,0.07055146335143077
2024-05-07 11:15:00,7.599999904632568,7.599999904632568,7.599999904632568,7.599999904632568,7.599999904632568,225,7.599999904632568,44.82795935264768,7.552452883637435,2.5174842945458,7.71999979019165,-3.0138584039412644,50.16203702617974,-10.62638667613233,7.300000190734863,-2.7962720605434597,34.64931282115096,-14.298105574775144,0.07370095013630541
2024-05-07 11:30:00,7.599999904632568,7.599999904632568,7.599999904632568,7.599999904632568,7.599999904632568,293,7.699999809265137,44.827959352647675,15.104905767274843,7.5524528836374145,7.699999809265137,-0.2590671174877994,50.16203702617974,-10.62638667613233,7.300000190734863,-2.7962720605434597,34.64931282115096,-14.298105574775144,0.049133966757536944
2024-05-07 15:00:00,7.699999809265137,7.699999809265137,7.699999809265137,7.699999809265137,7.699999809265137,570,7.665999889373779,50.16203702617974,31.81746258321449,18.15827374470891,7.699999809265137,-0.2590671174877994,50.16203702617974,-10.62638667613233,7.200099945068359,-1.3684964802233426,33.09344921236177,-4.490315917144088,0.06608927938254743
2024-05-07 15:45:00,7.665999889373779,7.690000057220459,7.665999889373779,7.690000057220459,7.690000057220459,455,7.449999809265137,49.645154932458134,40.08993532808019,29.004101226189828,7.699999809265137,-0.2590671174877994,50.16203702617974,-10.62638667613233,6.984399795532227,-2.995793824832593,31.722778711330648,-4.14181819560567,0.05539282621881742
2024-05-08 09:30:00,7.449999809265137,7.449999809265137,7.300000190734863,7.300000190734863,7.300000190734863,0,7.309999942779541,34.64931282115096,32.53748244444279,34.814960118579144,7.699999809265137,-0.2590671174877994,50.16203702617974,-10.62638667613233,6.984399795532227,-2.995793824832593,31.722778711330648,-4.14181819560567,0.1669285063077435
2024-05-08 09:45:00,7.309999942779541,7.309999942779541,7.309999942779541,7.309999942779541,7.309999942779541,2105,7.360000133514404,35.1898757995867,16.540203730685015,29.722540501069318,7.699999809265137,-0.2590671174877994,50.16203702617974,-10.62638667613233,6.960000038146973,-0.3493465165161639,29.96320513132089,-5.546719586015578,0.11461892155338825
2024-05-08 12:00:00,7.360000133514404,7.360000133514404,7.360000133514404,7.360000133514404,7.360000133514404,2491,7.200099945068359,37.95350947029655,5.087422704603098,18.05503629324362,7.699999809265137,-0.2590671174877994,50.16203702617974,-10.62638667613233,6.960000038146973,-0.3493465165161639,29.96320513132089,-5.546719586015578,0.09307934461387994
2024-05-08 15:00:00,7.200099945068359,7.200099945068359,7.200099945068359,7.200099945068359,7.200099945068359,401,7.159999847412109,33.09344921236177,5.087422704603098,8.905016379963724,7.699999809265137,-0.2590671174877994,50.16203702617974,-10.62638667613233,6.960000038146973,-0.3493465165161639,29.96320513132089,-5.546719586015578,0.1153529592246016
2024-05-08 15:15:00,7.159999847412109,7.197700023651123,6.984399795532227,7.150000095367432,7.150000095367432,9176,7.260000228881836,31.722778711330648,4.372144602421224,4.848996670542461,7.690000057220459,-0.12986691288804172,49.645154932458134,-1.03042484788216,6.960000038146973,-0.3493465165161639,29.96320513132089,-5.546719586015578,0.14880202266177867
2024-05-08 15:30:00,7.260000228881836,7.260000228881836,7.260000228881836,7.260000228881836,7.260000228881836,332,6.960000038146973,37.812987707642435,11.009497403713114,6.8230215702458,7.449999809265137,-3.1209394820481973,40.87641807376713,-17.662825044298497,6.960000038146973,-0.3493465165161639,29.96320513132089,-5.546719586015578,0.13586805961265389
2024-05-08 15:45:00,6.960000038146973,6.960000038146973,6.960000038146973,6.960000038146973,6.960000038146973,258,7.190000057220459,29.96320513132089,11.009497403713114,8.797046469949139,7.360000133514404,-1.2080493698644796,40.87641807376713,-17.662825044298497,6.960000038146973,-0.3493465165161639,29.96320513132089,-5.546719586015578,0.1905787699867237
2024-05-09 09:45:00,7.190000057220459,7.199999809265137,7.099999904632568,7.099999904632568,7.099999904632568,1714,7.190000057220459,36.579806509020976,21.928612944884897,14.649202584103698,7.360000133514404,-1.2080493698644796,40.87641807376713,-17.662825044298497,6.727799892425537,-3.3362089719651267,28.825285219294393,-3.7977242656094092,0.2070524370305372
2024-05-09 10:15:00,7.190000057220459,7.199999809265137,7.190000057220459,7.199999809265137,7.199999809265137,440,7.190000057220459,40.87641807376712,28.928759199862668,20.62228984948688,7.260000228881836,-1.3586943317733113,40.87641807376713,-17.662825044298497,6.699999809265137,-0.41321209912469287,28.281199824923103,-1.8875282247236989,0.1713682595645476
2024-05-09 10:30:00,7.190000057220459,7.199999809265137,7.190000057220459,7.199999809265137,7.199999809265137,373,7.178599834442139,40.87641807376713,46.93840285855355,32.59859166776703,7.260000228881836,-1.3586943317733113,40.87641807376713,-17.662825044298497,6.699999809265137,-0.41321209912469287,28.281199824923103,-1.8875282247236989,0.11757875705792431
2024-05-09 12:15:00,7.178599834442139,7.199999809265137,7.178599834442139,7.199999809265137,7.199999809265137,390,7.01230001449585,40.87641807376713,54.02893097607265,43.298697678162945,7.260000228881836,-1.3586943317733113,40.87641807376713,-17.662825044298497,6.699999809265137,-0.41321209912469287,28.281199824923103,-1.8875282247236989,0.08551916297961555
2024-05-09 14:45:00,7.01230001449585,7.01230001449585,7.01230001449585,7.01230001449585,7.01230001449585,500,7.050000190734863,35.27404465494412,44.78355571875567,48.583629851127284,7.199999809265137,-0.8264520347810004,40.87641807376713,-17.662825044298497,6.699999809265137,-0.41321209912469287,28.281199824923103,-1.8875282247236989,0.11957937357617272
2024-05-10 09:30:00,7.050000190734863,7.050000190734863,6.727799892425537,6.727799892425537,6.727799892425537,2801,6.71999979019165,28.825285219294393,26.77391206006478,41.86213291829769,7.199999809265137,-0.8264520347810004,40.87641807376713,-17.662825044298497,6.699999809265137,-0.41321209912469287,28.281199824923103,-1.8875282247236989,0.1871196818205572
2024-05-10 09:45:00,6.71999979019165,6.71999979019165,6.699999809265137,6.699999809265137,6.699999809265137,3490,6.760799884796143,28.281199824923103,8.764268401373897,26.77391206006477,7.199999809265137,-0.8264520347810004,40.87641807376713,-17.662825044298497,6.699999809265137,-0.41321209912469287,28.281199824923103,-1.8875282247236989,0.13401314893383826
2024-05-10 10:00:00,6.760799884796143,6.760799884796143,6.760799884796143,6.760799884796143,6.760799884796143,675,6.840000152587891,31.33386225643431,8.07889251089762,14.539024324112086,7.199999809265137,-0.8264520347810004,40.87641807376713,-17.662825044298497,6.699999809265137,-0.41321209912469287,28.281199824923103,-1.8875282247236989,0.10960879113289412
2024-05-10 10:30:00,6.840000152587891,6.840000152587891,6.760000228881836,6.800000190734863,6.800000190734863,4151,6.800000190734863,33.30496513218858,21.374322591347795,12.739161167873092,7.199999809265137,-0.8264520347810004,40.87641807376713,-17.662825044298497,6.659999847412109,-0.597014373011073,28.281199824923103,-1.8875282247236989,0.09973916865728098
2024-05-10 10:45:00,6.800000190734863,6.800000190734863,6.800000190734863,6.800000190734863,6.800000190734863,1828,6.889999866485596,33.30496513218858,34.66975267179797,21.374322591347788,7.050000190734863,-2.0833280903320337,38.04076735139985,-6.9371311283927914,6.659999847412109,-0.597014373011073,28.281199824923103,-1.8875282247236989,0.06649277910485399
2024-05-10 11:00:00,6.889999866485596,6.900000095367432,6.800000190734863,6.889999866485596,6.889999866485596,2969,6.715199947357178,38.04076735139985,52.4196239918949,36.15456641834688,7.050000190734863,-2.0833280903320337,38.04076735139985,-6.9371311283927914,6.659999847412109,-0.597014373011073,28.281199824923103,-1.8875282247236989,0.07766182094742545
2024-05-10 11:15:00,6.715199947357178,6.715199947357178,6.715199947357178,6.715199947357178,6.715199947357178,404,6.710000038146973,33.12155336072035,51.93422345378443,46.341200039159084,6.900000095367432,-2.127660869634618,42.295397746502296,11.184396875595311,6.659999847412109,-0.597014373011073,28.281199824923103,-1.8875282247236989,0.1100411870077563
2024-05-10 11:45:00,6.710000038146973,6.710000038146973,6.710000038146973,6.710000038146973,6.710000038146973,209,6.730000019073486,32.98490610460222,51.08718499505366,51.813677480244316,6.900000095367432,-2.127660869634618,43.8205121176093,3.605863645609347,6.659999847412109,-0.597014373011073,31.33386225643431,10.793963659282287,0.07509409440857255
2024-05-10 12:00:00,6.730000019073486,6.730000019073486,6.659999847412109,6.690000057220459,6.690000057220459,3442,6.78000020980835,32.43070785360841,36.24012323200104,46.4205105602797,6.900000095367432,-2.127660869634618,45.694080522203485,4.275551138165027,6.610000133514404,-0.7507464721209202,32.43070785360841,3.5005119643329907,0.07339612015950735
2024-05-10 13:00:00,6.78000020980835,6.78000020980835,6.78000020980835,6.78000020980835,6.78000020980835,265,6.659999847412109,37.51817862667723,47.87582279960057,45.06771034221841,7.179999828338623,4.057967088423369,56.60405333078047,23.876118490393193,6.610000133514404,-0.7507464721209202,32.43070785360841,3.5005119643329907,0.07893079763563511
2024-05-10 14:45:00,6.659999847412109,6.659999847412109,6.659999847412109,6.659999847412109,6.659999847412109,284,6.827000141143799,33.85772943313996,50.18575585327578,44.767233961625784,7.400000095367432,3.064070644688502,61.37879858143131,8.435341587197621,6.610000133514404,-0.7507464721209202,32.43070785360841,3.5005119643329907,0.0926206525558368
2024-05-10 15:30:00,6.827000141143799,6.827000141143799,6.827000141143799,6.827000141143799,6.827000141143799,124,6.800000190734863,42.295397746502296,72.5373871186672,56.86632192384784,7.400000095367432,3.064070644688502,61.37879858143131,8.435341587197621,6.610000133514404,-0.7507464721209202,32.43070785360841,3.5005119643329907,0.11741386628112101
2024-05-10 15:45:00,6.800000190734863,6.860000133514404,6.659999847412109,6.860000133514404,6.860000133514404,931,6.650000095367432,43.8205121176093,81.42499134206128,68.04937810466807,7.400000095367432,3.064070644688502,61.37879858143131,8.435341587197621,6.610000133514404,-0.7507464721209202,32.43070785360841,3.5005119643329907,0.14494267288817897
2024-05-13 09:45:00,6.650000095367432,6.900000095367432,6.610000133514404,6.900000095367432,6.900000095367432,2259,7.179999828338623,45.694080522203485,100.0,84.65412615357614,7.400000095367432,3.064070644688502,61.37879858143131,8.435341587197621,6.610000133514404,-0.7507464721209202,32.43070785360841,3.5005119643329907,0.19329510254312843
2024-05-13 10:00:00,7.179999828338623,7.179999828338623,7.159999847412109,7.179999828338623,7.179999828338623,3184,7.400000095367432,56.60405333078047,100.0,93.80833044735374,7.400000095367432,3.064070644688502,61.37879858143131,8.435341587197621,6.610000133514404,-0.7507464721209202,33.85772943313996,4.4002171829646635,0.22219664601914943
2024-05-13 10:15:00,7.400000095367432,7.400000095367432,7.264999866485596,7.340000152587891,7.340000152587891,9440,7.261600017547607,61.37879858143131,100.0,100.0,7.400000095367432,3.064070644688502,61.37879858143131,8.435341587197621,6.610000133514404,-0.7507464721209202,33.85772943313996,4.4002171829646635,0.22146451968903583
2024-05-13 10:30:00,7.261600017547607,7.340000152587891,7.261600017547607,7.28000020980835,7.28000020980835,766,7.36299991607666,58.76752084818149,96.99314915354097,98.99771638451364,7.400000095367432,3.064070644688502,61.37879858143131,8.435341587197621,6.610000133514404,-0.7507464721209202,42.295397746502296,24.92095144780602,0.17377639147278492
2024-05-13 10:45:00,7.36299991607666,7.36299991607666,7.36299991607666,7.36299991607666,7.36299991607666,676,7.28000020980835,61.22503751025155,96.81609536828394,97.9364148406083,7.400000095367432,3.064070644688502,61.37879858143131,8.435341587197621,6.610000133514404,-0.7507464721209202,43.285885486397994,2.3418333735320145,0.1435174964046268
2024-05-13 12:00:00,7.28000020980835,7.280099868774414,7.199999809265137,7.199999809265137,7.199999809265137,723,7.179999828338623,54.37136601709614,88.74713193736112,94.18545881972865,7.400000095367432,3.064070644688502,61.37879858143131,8.435341587197621,6.610000133514404,-0.7507464721209202,43.285885486397994,2.3418333735320145,0.15001169987359234
2024-05-13 12:15:00,7.179999828338623,7.199999809265137,7.179999828338623,7.199999809265137,7.199999809265137,2797,7.179999828338623,54.37136601709614,83.68501935289734,89.74941555284745,7.400000095367432,3.064070644688502,61.37879858143131,8.435341587197621,6.820000171661377,3.177005051516086,43.285885486397994,2.3418333735320145,0.10667446022456611
2024-05-13 13:45:00,7.179999828338623,7.179999828338623,7.179999828338623,7.179999828338623,7.179999828338623,964,6.929999828338623,53.51883162613839,74.81142793418765,82.41452640814869,7.400000095367432,3.064070644688502,61.37879858143131,8.435341587197621,6.820000171661377,3.177005051516086,43.285885486397994,2.3418333735320145,0.0777829671252153
2024-05-14 09:30:00,6.929999828338623,6.929999828338623,6.820000171661377,6.900000095367432,6.900000095367432,10972,7.034999847412109,43.285885486397994,62.046647653366406,73.51436498015045,7.36299991607666,-0.5000024164044867,61.22503751025155,-0.2505116990450104,6.820000171661377,3.177005051516086,43.285885486397994,2.3418333735320145,0.17185519697589224
2024-05-14 10:00:00,7.034999847412109,7.034999847412109,7.034999847412109,7.034999847412109,7.034999847412109,1435,6.912899971008301,48.407862476562016,54.405300758070666,63.754458781874895,7.36299991607666,-0.5000024164044867,61.22503751025155,-0.2505116990450104,6.820000171661377,3.177005051516086,43.285885486397994,2.3418333735320145,0.1595700486654874
2024-05-14 10:30:00,6.912899971008301,6.912899971008301,6.912899971008301,6.912899971008301,6.912899971008301,207,7.0,44.493923020725084,43.00509856493264,53.15234899212322,7.280099868774414,-1.1259004243805424,54.37136601709614,-11.194229961897252,6.820000171661377,3.177005051516086,43.285885486397994,2.3418333735320145,0.1470799912449278
2024-05-14 10:45:00,7.0,7.0,7.0,7.0,7.0,610,7.159999847412109,47.73997569689419,40.01565513005187,45.80868481768505,7.199999809265137,-1.100260449074883,54.37136601709614,-11.194229961897252,6.820000171661377,3.177005051516086,43.285885486397994,2.3418333735320145,0.1270866704938516
2024-05-14 11:00:00,7.159999847412109,7.159999847412109,7.159999847412109,7.159999847412109,7.159999847412109,578,6.989999771118164,53.15906756520936,40.5824099417481,41.20105454557753,7.179999828338623,-0.2777775202268367,53.51883162613839,-1.5679841310032292,6.7743000984191895,-0.6700890336056222,40.59498206089312,-6.2165839863676835,0.1380577294666042
2024-05-14 11:30:00,6.989999771118164,6.989999771118164,6.989999771118164,6.989999771118164,6.989999771118164,454,6.989999771118164,47.52069323837646,35.50188810371839,38.69998439183944,7.159999847412109,-0.2785512730456633,53.15906756520936,-0.6722195720605446,6.722599983215332,-0.7631801728996602,39.036841547551525,-3.8382589035372963,0.14870517840905123
2024-05-14 11:45:00,6.989999771118164,6.989999771118164,6.989999771118164,6.989999771118164,6.989999771118164,5754,7.019999980926514,47.52069323837646,33.79370601520876,36.62600135355841,7.159999847412109,-0.2785512730456633,53.15906756520936,-0.6722195720605446,6.610099792480469,-1.673462514737578,38.495155495477555,-1.3876277654638944,0.09913678560603416
2024-05-14 12:45:00,7.019999980926514,7.019999980926514,6.900000095367432,6.900000095367432,6.900000095367432,984,6.899899959564209,44.61519547363319,18.052971790157326,29.116188636361485,7.159999847412109,-0.2785512730456633,53.15906756520936,-0.6722195720605446,6.610099792480469,-1.673462514737578,38.495155495477555,-1.3876277654638944,0.10609115225705013
2024-05-14 13:00:00,6.899899959564209,6.899899959564209,6.899899959564209,6.899899959564209,6.899899959564209,2167,6.7743000984191895,44.61192717383555,12.714969729989988,21.520549178452015,7.159999847412109,-0.2785512730456633,53.15906756520936,-0.6722195720605446,6.610099792480469,-1.673462514737578,38.495155495477555,-1.3876277654638944,0.07076081343910763
2024-05-14 14:15:00,6.7743000984191895,6.7743000984191895,6.7743000984191895,6.7743000984191895,6.7743000984191895,504,6.722599983215332,40.59498206089312,4.913005631791117,11.893649050646134,7.159999847412109,-0.2785512730456633,54.45788369449951,2.4432635649541985,6.610099792480469,-1.673462514737578,38.495155495477555,-1.3876277654638944,0.08904049600774493
2024-05-14 15:30:00,6.722599983215332,6.722599983215332,6.722599983215332,6.722599983215332,6.722599983215332,217,6.610099792480469,39.036841547551525,2.463962038031549,6.697312466604209,7.252600193023682,1.2933009439244818,57.38532233179535,5.375601177817212,6.610099792480469,-1.673462514737578,38.495155495477555,-1.3876277654638944,0.0765937024064491
2024-05-14 15:45:00,6.610099792480469,6.704999923706055,6.610099792480469,6.704999923706055,6.704999923706055,428,6.800000190734863,38.495155495477555,0.0,2.4589892232742128,7.252600193023682,1.2933009439244818,57.38532233179535,5.375601177817212,6.610099792480469,-1.673462514737578,38.495155495477555,-1.3876277654638944,0.08856253184925382
2024-05-15 09:30:00,6.800000190734863,6.989999771118164,6.800000190734863,6.989999771118164,6.989999771118164,6990,6.769999980926514,50.478586686669956,26.58788054928005,9.683947529103857,7.252600193023682,1.2933009439244818,57.38532233179535,5.375601177817212,6.610099792480469,-1.673462514737578,38.495155495477555,-1.3876277654638944,0.15404163703687235
2024-05-15 09:45:00,6.769999980926514,6.769999980926514,6.71999979019165,6.71999979019165,6.71999979019165,0,6.940000057220459,42.108251344040234,34.80100455825574,20.462961702511922,7.252600193023682,1.2933009439244818,57.38532233179535,5.375601177817212,6.610099792480469,-1.673462514737578,38.495155495477555,-1.3876277654638944,0.19269441833341946
2024-05-15 10:30:00,6.940000057220459,7.130000114440918,6.934999942779541,7.130000114440918,7.130000114440918,3126,7.25,54.45788369449951,68.13433789158907,43.17440766637495,7.252600193023682,1.2933009439244818,57.38532233179535,5.375601177817212,6.610099792480469,-1.673462514737578,38.495155495477555,-1.3876277654638944,0.26512972030536885
2024-05-15 10:45:00,7.25,7.252600193023682,7.25,7.252600193023682,7.252600193023682,1056,7.249899864196777,57.38532233179535,74.87979067564238,59.271711041829064,7.252600193023682,1.2933009439244818,57.38532233179535,5.375601177817212,6.610099792480469,-1.673462514737578,38.495155495477555,-1.3876277654638944,0.21761983973116714
2024-05-15 11:15:00,7.249899864196777,7.249899864196777,7.249899864196777,7.249899864196777,7.249899864196777,867,7.010000228881836,57.297959975389965,99.84584156550447,80.95332337757863,7.252600193023682,1.2933009439244818,57.38532233179535,5.375601177817212,6.610099792480469,-1.673462514737578,38.495155495477555,-1.3876277654638944,0.1459800027630795
2024-05-15 12:30:00,7.010000228881836,7.010000228881836,7.010000228881836,7.010000228881836,7.010000228881836,244,7.025300025939941,50.013338668197704,86.83733873353647,87.1876569915611,7.252600193023682,1.2933009439244818,57.38532233179535,5.375601177817212,6.71999979019165,1.662607239851385,42.108251344040234,9.385845574742902,0.1772865469470335
2024-05-15 13:00:00,7.025300025939941,7.025300025939941,7.025300025939941,7.025300025939941,7.025300025939941,524,7.0100998878479,50.44603873566088,74.5923725980457,87.09185096569554,7.252600193023682,1.2933009439244818,57.38532233179535,5.375601177817212,6.71999979019165,1.662607239851385,42.108251344040234,9.385845574742902,0.12329096365072416
2024-05-15 13:30:00,7.0100998878479,7.0100998878479,7.0100998878479,7.0100998878479,7.0100998878479,1202,7.059999942779541,49.983122130896724,61.68470850685319,74.37147327947845,7.252600193023682,1.2933009439244818,57.38532233179535,5.375601177817212,6.934999942779541,3.199407132448124,49.983122130896724,18.701490884805064,0.08726068846449646
2024-05-15 14:00:00,7.059999942779541,7.059999942779541,7.059999942779541,7.059999942779541,7.059999942779541,96,7.059999942779541,51.554803782137846,64.40475703315235,66.89394604601706,7.252600193023682,1.2933009439244818,57.38532233179535,5.375601177817212,7.010000228881836,1.0814749346953114,49.983122130896724,18.701490884805064,0.07480714395354451
2024-05-15 15:30:00,7.059999942779541,7.059999942779541,7.059999942779541,7.059999942779541,7.059999942779541,437,7.039999961853027,51.55480378213786,66.3612688629743,64.15024480099328,7.249899864196777,-0.037232561495693074,57.297959975389965,-0.15223815577834815,7.010000228881836,1.0814749346953114,49.983122130896724,18.701490884805064,0.04987142930236301
2024-05-16 09:30:00,7.039999961853027,7.099999904632568,7.039999961853027,7.099999904632568,7.099999904632568,2454,7.0980000495910645,52.92986295338673,71.56104792972958,67.44235794195207,7.15500020980835,-1.3089788295847276,54.958715670911374,-4.082596143882468,7.039999961853027,0.42795623383277204,50.47831446929827,0.9907191013493026,0.05324760046142235
2024-05-16 10:15:00,7.0980000495910645,7.0980000495910645,7.0980000495910645,7.0980000495910645,7.0980000495910645,331,7.15500020980835,52.84909634296999,73.84493910628213,70.58908529966199,7.15500020980835,-1.3089788295847276,54.958715670911374,-4.082596143882468,7.050000190734863,0.14204870647760254,50.47831446929827,0.9907191013493026,0.03616501865478287
2024-05-16 10:45:00,7.15500020980835,7.15500020980835,7.15500020980835,7.15500020980835,7.15500020980835,712,7.050000190734863,54.958715670911374,79.85143606361133,75.08580769987434,7.15500020980835,-1.3089788295847276,54.958715670911374,-4.082596143882468,7.050000190734863,0.14204870647760254,50.47831446929827,0.9907191013493026,0.04311006584228363
2024-05-16 11:00:00,7.050000190734863,7.050000190734863,7.050000190734863,7.050000190734863,7.050000190734863,591,7.050000190734863,50.47831446929828,72.64294698387185,75.44644071792176,7.050000190734863,-1.4675054646336454,50.47831446929828,-8.15230331880642,7.050000190734863,0.14204870647760254,50.47831446929827,0.9907191013493026,0.06374005025268453
2024-05-16 11:30:00,7.050000190734863,7.050000190734863,7.050000190734863,7.050000190734863,7.050000190734863,531,6.789999961853027,50.47831446929827,65.5769775743159,72.69045354059969,7.050000190734863,-1.4675054646336454,50.47831446929827,-2.8152395468444718e-14,7.050000190734863,0.14204870647760254,50.47831446929827,0.9907191013493026,0.042493366835123024
